OPENET_ID,CROP_2023,.geo
CA_33179,37,"{""type"":""Point"",""coordinates"":[-118.24132109012658,35.69154063946071]}"
CA_32744,37,"{""type"":""Point"",""coordinates"":[-118.2572713833983,35.690289627420775]}"
CA_35553,47,"{""type"":""Point"",""coordinates"":[-118.54368105184541,35.11088008446129]}"
CA_37674,47,"{""type"":""Point"",""coordinates"":[-118.60775005430042,35.105864291175656]}"
CA_35867,47,"{""type"":""Point"",""coordinates"":[-118.6042628877245,35.11139901203385]}"
CA_36690,47,"{""type"":""Point"",""coordinates"":[-118.60410058300867,35.11593221324842]}"
CA_33611,61,"{""type"":""Point"",""coordinates"":[-118.53979688035918,35.422530351019226]}"
CA_35103,61,"{""type"":""Point"",""coordinates"":[-118.27589826947582,34.91815439996032]}"
CA_35855,61,"{""type"":""Point"",""coordinates"":[-118.42927719017649,35.11158823834786]}"
CA_36679,61,"{""type"":""Point"",""coordinates"":[-118.42679531845305,35.11161335795506]}"
CA_34505,61,"{""type"":""Point"",""coordinates"":[-118.47808266211862,35.11145432144126]}"
CA_35704,61,"{""type"":""Point"",""coordinates"":[-118.44005787349417,35.11148304963229]}"
CA_36954,61,"{""type"":""Point"",""coordinates"":[-118.43356624071289,35.134522971518734]}"
CA_37895,61,"{""type"":""Point"",""coordinates"":[-118.42674087296929,34.84446536333793]}"
CA_35938,61,"{""type"":""Point"",""coordinates"":[-118.47355892176432,35.10579984656555]}"
CA_36281,61,"{""type"":""Point"",""coordinates"":[-118.50947161829268,35.10708437549828]}"
CA_35856,61,"{""type"":""Point"",""coordinates"":[-118.41850165748062,34.844355572026316]}"
CA_37715,61,"{""type"":""Point"",""coordinates"":[-118.4754628874404,35.11197917173293]}"
CA_37531,61,"{""type"":""Point"",""coordinates"":[-118.4741436412861,35.111911794961735]}"
CA_34506,61,"{""type"":""Point"",""coordinates"":[-118.42102932335477,35.115148180154016]}"
CA_37932,61,"{""type"":""Point"",""coordinates"":[-118.42113858587322,35.111522470941466]}"
CA_40528,69,"{""type"":""Point"",""coordinates"":[-118.29371818731748,34.88114273257854]}"
CA_305292,71,"{""type"":""Point"",""coordinates"":[-118.20046182174673,34.94955837722175]}"
CA_304069,71,"{""type"":""Point"",""coordinates"":[-118.5772165596851,35.145411504670825]}"
CA_305050,204,"{""type"":""Point"",""coordinates"":[-117.93097858229243,35.318164722842425]}"
CA_306231,204,"{""type"":""Point"",""coordinates"":[-117.92633806255746,35.318184128871586]}"
CA_306521,204,"{""type"":""Point"",""coordinates"":[-117.8370093850603,35.68663783583205]}"
CA_307129,204,"{""type"":""Point"",""coordinates"":[-117.85107469850021,35.773453835066775]}"
CA_307130,204,"{""type"":""Point"",""coordinates"":[-117.92651076856973,35.3252743550068]}"
CA_307228,204,"{""type"":""Point"",""coordinates"":[-117.85043112310792,35.785555785484576]}"
CA_304718,66,"{""type"":""Point"",""coordinates"":[-119.03246632828917,35.21411461755773]}"
CA_305309,66,"{""type"":""Point"",""coordinates"":[-118.75934160410716,35.24025983824404]}"
CA_304983,66,"{""type"":""Point"",""coordinates"":[-118.80439312091704,35.21464642434764]}"
CA_304954,66,"{""type"":""Point"",""coordinates"":[-118.78160110373223,35.24042559252325]}"
CA_304057,66,"{""type"":""Point"",""coordinates"":[-118.75601668939262,35.25767998215331]}"
CA_304695,66,"{""type"":""Point"",""coordinates"":[-119.00453471971305,35.0493101810277]}"
CA_304955,66,"{""type"":""Point"",""coordinates"":[-118.78616217428436,35.24747479640673]}"
CA_305225,66,"{""type"":""Point"",""coordinates"":[-119.0262078228887,35.09443528323316]}"
CA_305417,211,"{""type"":""Point"",""coordinates"":[-118.81344250963647,35.339663382489114]}"
CA_35516,36,"{""type"":""Point"",""coordinates"":[-118.95435566474099,35.21773536323151]}"
CA_34664,36,"{""type"":""Point"",""coordinates"":[-119.03102463254399,35.25878302990177]}"
CA_35042,36,"{""type"":""Point"",""coordinates"":[-118.84068276160203,35.2172615675878]}"
CA_35772,36,"{""type"":""Point"",""coordinates"":[-118.99034366565705,35.2691654251069]}"
CA_38344,37,"{""type"":""Point"",""coordinates"":[-118.98389122466718,35.29266098238288]}"
CA_36898,37,"{""type"":""Point"",""coordinates"":[-119.04352301810874,35.11878777029977]}"
CA_35662,47,"{""type"":""Point"",""coordinates"":[-119.02796822878405,35.246919465426]}"
CA_34674,47,"{""type"":""Point"",""coordinates"":[-118.85822886955891,35.25643414000775]}"
CA_34296,47,"{""type"":""Point"",""coordinates"":[-118.89386926011424,35.21787757118326]}"
CA_35351,47,"{""type"":""Point"",""coordinates"":[-119.00993145997887,35.116983120951765]}"
CA_37080,47,"{""type"":""Point"",""coordinates"":[-119.00196657107634,35.201666279624625]}"
CA_34962,47,"{""type"":""Point"",""coordinates"":[-118.88038901631312,35.19973157763246]}"
CA_35645,47,"{""type"":""Point"",""coordinates"":[-119.00443773138228,35.243104990467444]}"
CA_35259,47,"{""type"":""Point"",""coordinates"":[-118.9180067863963,35.29134205336501]}"
CA_35049,47,"{""type"":""Point"",""coordinates"":[-118.80289832818592,35.31477786736123]}"
CA_35760,47,"{""type"":""Point"",""coordinates"":[-118.86521592578066,35.31470852633661]}"
CA_36112,47,"{""type"":""Point"",""coordinates"":[-118.84209802556381,35.05474087210413]}"
CA_37565,47,"{""type"":""Point"",""coordinates"":[-118.98993315812282,35.09678810846345]}"
CA_37949,47,"{""type"":""Point"",""coordinates"":[-118.83844517163695,35.310525496973774]}"
CA_35237,47,"{""type"":""Point"",""coordinates"":[-118.89845859075577,35.21690833814311]}"
CA_37110,47,"{""type"":""Point"",""coordinates"":[-118.88095371039084,35.29516163325427]}"
CA_35240,47,"{""type"":""Point"",""coordinates"":[-118.99995611962575,35.25305499457323]}"
CA_36312,47,"{""type"":""Point"",""coordinates"":[-119.034014831446,35.087304003514696]}"
CA_34559,47,"{""type"":""Point"",""coordinates"":[-119.045117274021,35.085583047089436]}"
CA_35664,47,"{""type"":""Point"",""coordinates"":[-118.97284339282771,35.08282173863329]}"
CA_35058,47,"{""type"":""Point"",""coordinates"":[-118.96223920623139,35.09173952043466]}"
CA_37609,47,"{""type"":""Point"",""coordinates"":[-118.89742313550363,35.087251458439106]}"
CA_38191,47,"{""type"":""Point"",""coordinates"":[-118.95705365506072,35.045942696663474]}"
CA_34502,47,"{""type"":""Point"",""coordinates"":[-118.80829872839493,35.184089229559305]}"
CA_38127,47,"{""type"":""Point"",""coordinates"":[-118.90260233341927,35.138195765059045]}"
CA_35449,47,"{""type"":""Point"",""coordinates"":[-118.9699364630347,35.10539131340495]}"
CA_34595,47,"{""type"":""Point"",""coordinates"":[-118.97427534265475,35.13465791719386]}"
CA_37311,47,"{""type"":""Point"",""coordinates"":[-118.82918461546623,35.08734742932428]}"
CA_37706,47,"{""type"":""Point"",""coordinates"":[-118.84541350022918,35.269165041554295]}"
CA_34433,47,"{""type"":""Point"",""coordinates"":[-118.87384489897933,35.23991091815959]}"
CA_36642,47,"{""type"":""Point"",""coordinates"":[-118.83422087717065,35.10188392147318]}"
CA_42338,47,"{""type"":""Point"",""coordinates"":[-118.82319721922111,35.316882364464206]}"
CA_36323,47,"{""type"":""Point"",""coordinates"":[-118.83549927016617,35.10843910894283]}"
CA_35858,47,"{""type"":""Point"",""coordinates"":[-118.88534699716695,35.08066133227665]}"
CA_36086,47,"{""type"":""Point"",""coordinates"":[-118.81947995797776,35.18606470833938]}"
CA_36380,47,"{""type"":""Point"",""coordinates"":[-118.88629886505302,35.06098829040235]}"
CA_36491,47,"{""type"":""Point"",""coordinates"":[-118.89337716662801,35.1557136870193]}"
CA_36655,47,"{""type"":""Point"",""coordinates"":[-118.9857937807304,35.11715197870004]}"
CA_36830,47,"{""type"":""Point"",""coordinates"":[-118.84397434707019,35.139374792375904]}"
CA_37219,47,"{""type"":""Point"",""coordinates"":[-118.76491152475167,35.249671660498876]}"
CA_37221,47,"{""type"":""Point"",""coordinates"":[-118.76265829073768,35.24213335970874]}"
CA_37328,47,"{""type"":""Point"",""coordinates"":[-118.88044571140088,35.21249739272791]}"
CA_37463,47,"{""type"":""Point"",""coordinates"":[-118.81800997814594,35.30282606707474]}"
CA_37692,47,"{""type"":""Point"",""coordinates"":[-118.84024739673455,35.154673690963]}"
CA_42237,47,"{""type"":""Point"",""coordinates"":[-118.84581847907462,35.19224741915401]}"
CA_36121,47,"{""type"":""Point"",""coordinates"":[-118.79695045326008,35.33190950400077]}"
CA_34748,47,"{""type"":""Point"",""coordinates"":[-118.91165945953473,35.08271327233999]}"
CA_304133,47,"{""type"":""Point"",""coordinates"":[-118.88417727854122,35.28323704061416]}"
CA_36884,47,"{""type"":""Point"",""coordinates"":[-118.85882339720231,35.32005692799412]}"
CA_36333,47,"{""type"":""Point"",""coordinates"":[-118.88012099434211,35.13995354070495]}"
CA_34718,47,"{""type"":""Point"",""coordinates"":[-118.85979985989415,35.090942705759275]}"
CA_35095,47,"{""type"":""Point"",""coordinates"":[-119.04256038411559,35.050380624592805]}"
CA_37187,47,"{""type"":""Point"",""coordinates"":[-118.9310803473249,35.27063931995724]}"
CA_37652,47,"{""type"":""Point"",""coordinates"":[-118.88452112077051,35.1342468731822]}"
CA_38190,47,"{""type"":""Point"",""coordinates"":[-118.90201586208482,35.058156768140854]}"
CA_35539,47,"{""type"":""Point"",""coordinates"":[-118.90989004422005,35.14133497036474]}"
CA_37545,47,"{""type"":""Point"",""coordinates"":[-118.90750954240765,35.24694176770538]}"
CA_34849,47,"{""type"":""Point"",""coordinates"":[-118.92795424384273,35.10616327215855]}"
CA_38169,47,"{""type"":""Point"",""coordinates"":[-118.92795046075618,35.10384062798588]}"
CA_38017,47,"{""type"":""Point"",""coordinates"":[-118.79699038257334,35.2294107910713]}"
CA_37045,47,"{""type"":""Point"",""coordinates"":[-118.83490521049501,35.090925638686706]}"
CA_37586,47,"{""type"":""Point"",""coordinates"":[-118.87953289266248,35.078364458024005]}"
CA_35502,47,"{""type"":""Point"",""coordinates"":[-118.9433742363269,35.137855710078725]}"
CA_37486,47,"{""type"":""Point"",""coordinates"":[-118.81773208473209,35.048190807436995]}"
CA_34728,61,"{""type"":""Point"",""coordinates"":[-118.93080676775487,35.2134955943972]}"
CA_36821,61,"{""type"":""Point"",""coordinates"":[-118.93030348215035,35.209854256434845]}"
CA_35059,61,"{""type"":""Point"",""coordinates"":[-118.91687911652335,35.19509911956879]}"
CA_37791,61,"{""type"":""Point"",""coordinates"":[-119.03159211850412,35.261261624825494]}"
CA_38027,61,"{""type"":""Point"",""coordinates"":[-119.00223641209807,35.232092317219504]}"
CA_36013,61,"{""type"":""Point"",""coordinates"":[-119.0134048563441,35.269288701505346]}"
CA_37449,61,"{""type"":""Point"",""coordinates"":[-118.79219822750699,35.302469671955194]}"
CA_37961,61,"{""type"":""Point"",""coordinates"":[-118.832006818757,35.31691239694035]}"
CA_35123,61,"{""type"":""Point"",""coordinates"":[-118.85102902721624,35.06242472359739]}"
CA_35735,61,"{""type"":""Point"",""coordinates"":[-118.81400228198984,35.227440555249785]}"
CA_37962,61,"{""type"":""Point"",""coordinates"":[-118.83206971412012,35.315321351333395]}"
CA_35048,61,"{""type"":""Point"",""coordinates"":[-118.79057623836947,35.312279396067844]}"
CA_38391,61,"{""type"":""Point"",""coordinates"":[-118.81980958932282,35.29928064089827]}"
CA_35467,61,"{""type"":""Point"",""coordinates"":[-118.76907697165757,35.31580879694155]}"
CA_37683,61,"{""type"":""Point"",""coordinates"":[-119.03640045539684,35.222677246254484]}"
CA_35070,61,"{""type"":""Point"",""coordinates"":[-119.0169938675014,35.10188145827559]}"
CA_36127,61,"{""type"":""Point"",""coordinates"":[-118.9447086090735,35.21459202951467]}"
CA_36672,61,"{""type"":""Point"",""coordinates"":[-118.82611097022588,35.17767223485917]}"
CA_37390,61,"{""type"":""Point"",""coordinates"":[-119.01957717738998,35.148521682987926]}"
CA_37921,61,"{""type"":""Point"",""coordinates"":[-118.8992029310091,34.96221118046334]}"
CA_38090,61,"{""type"":""Point"",""coordinates"":[-118.97300765034339,35.186306017320234]}"
CA_36850,61,"{""type"":""Point"",""coordinates"":[-118.92412561635591,35.28949436005293]}"
CA_36379,61,"{""type"":""Point"",""coordinates"":[-118.87961133926942,35.07309331686371]}"
CA_36250,61,"{""type"":""Point"",""coordinates"":[-118.79686190225992,35.342408862256065]}"
CA_35459,61,"{""type"":""Point"",""coordinates"":[-118.91891497146258,35.30155224209569]}"
CA_35824,61,"{""type"":""Point"",""coordinates"":[-118.97290862775465,35.04402713008203]}"
CA_36622,61,"{""type"":""Point"",""coordinates"":[-118.82563039467759,35.06634390152932]}"
CA_41666,61,"{""type"":""Point"",""coordinates"":[-118.7648437773914,35.21600096881952]}"
CA_36651,61,"{""type"":""Point"",""coordinates"":[-118.80147044580455,35.346304081949086]}"
CA_35897,61,"{""type"":""Point"",""coordinates"":[-118.80599691969466,35.342749551637]}"
CA_36338,61,"{""type"":""Point"",""coordinates"":[-118.82036269355622,35.341990382757544]}"
CA_37905,61,"{""type"":""Point"",""coordinates"":[-118.8224213832535,35.08004312644777]}"
CA_36349,61,"{""type"":""Point"",""coordinates"":[-119.02237517653307,35.20929248604806]}"
CA_35533,61,"{""type"":""Point"",""coordinates"":[-118.89343589095051,35.27617699794931]}"
CA_35266,61,"{""type"":""Point"",""coordinates"":[-118.78668862648823,35.29302243968344]}"
CA_36311,61,"{""type"":""Point"",""coordinates"":[-118.90646091193621,35.056391586489816]}"
CA_35274,61,"{""type"":""Point"",""coordinates"":[-118.84570959290403,35.27238777764305]}"
CA_42159,69,"{""type"":""Point"",""coordinates"":[-118.97564264731392,35.11405370788047]}"
CA_40618,69,"{""type"":""Point"",""coordinates"":[-118.99750348299453,35.24228699134766]}"
CA_41738,69,"{""type"":""Point"",""coordinates"":[-118.99160340674712,35.138291366277855]}"
CA_41822,69,"{""type"":""Point"",""coordinates"":[-118.94966170966235,35.05601748037994]}"
CA_41912,69,"{""type"":""Point"",""coordinates"":[-118.8108280265647,35.141762662766666]}"
CA_36802,69,"{""type"":""Point"",""coordinates"":[-118.80356077285664,35.27112742577596]}"
CA_42217,69,"{""type"":""Point"",""coordinates"":[-118.77198633603182,35.28539839611296]}"
CA_41927,69,"{""type"":""Point"",""coordinates"":[-118.87743963940748,35.29050349541338]}"
CA_42224,69,"{""type"":""Point"",""coordinates"":[-118.77202450324708,35.28884957035475]}"
CA_40509,69,"{""type"":""Point"",""coordinates"":[-118.95659889911076,35.094295369753844]}"
CA_42247,69,"{""type"":""Point"",""coordinates"":[-118.95658225802303,35.09609256403792]}"
CA_41505,69,"{""type"":""Point"",""coordinates"":[-118.94526249393004,35.055569675538976]}"
CA_42200,69,"{""type"":""Point"",""coordinates"":[-118.82804907582609,35.310542399590254]}"
CA_41102,69,"{""type"":""Point"",""coordinates"":[-118.93429036759181,35.041759108938926]}"
CA_40587,69,"{""type"":""Point"",""coordinates"":[-118.80469536524299,35.154371414414776]}"
CA_42045,69,"{""type"":""Point"",""coordinates"":[-118.93066050857858,35.07346902007491]}"
CA_40584,69,"{""type"":""Point"",""coordinates"":[-118.88186293170617,35.26341188216209]}"
CA_41197,69,"{""type"":""Point"",""coordinates"":[-118.99260894099235,35.05064766015808]}"
CA_41788,69,"{""type"":""Point"",""coordinates"":[-118.98590121931225,35.05456400244003]}"
CA_42050,69,"{""type"":""Point"",""coordinates"":[-118.80210505237065,35.16038645332902]}"
CA_41138,69,"{""type"":""Point"",""coordinates"":[-118.80169224238637,35.17099549167354]}"
CA_42021,69,"{""type"":""Point"",""coordinates"":[-118.80428986265306,35.17098866798163]}"
CA_40778,69,"{""type"":""Point"",""coordinates"":[-118.84245721631065,35.116299069917666]}"
CA_41027,69,"{""type"":""Point"",""coordinates"":[-118.8470179359852,35.11637334069052]}"
CA_41643,69,"{""type"":""Point"",""coordinates"":[-118.97529097254318,35.294967749080485]}"
CA_298273,69,"{""type"":""Point"",""coordinates"":[-118.94517201781811,35.04122726452301]}"
CA_36572,69,"{""type"":""Point"",""coordinates"":[-118.93332337415863,35.25472874034846]}"
CA_40611,69,"{""type"":""Point"",""coordinates"":[-119.00666570761584,35.09450447010632]}"
CA_40928,69,"{""type"":""Point"",""coordinates"":[-119.00791527007021,35.040092687940806]}"
CA_41409,69,"{""type"":""Point"",""coordinates"":[-118.83053786087295,35.161989907789135]}"
CA_41456,69,"{""type"":""Point"",""coordinates"":[-119.00578377482643,35.03973301183534]}"
CA_40727,69,"{""type"":""Point"",""coordinates"":[-118.78473879358597,35.18128223911722]}"
CA_40856,69,"{""type"":""Point"",""coordinates"":[-118.85870423619522,35.14174424637176]}"
CA_40924,69,"{""type"":""Point"",""coordinates"":[-118.7912253939047,35.18918819339126]}"
CA_41924,69,"{""type"":""Point"",""coordinates"":[-119.0191605583038,35.06426080265546]}"
CA_35936,69,"{""type"":""Point"",""coordinates"":[-118.93400149140437,35.07986552138257]}"
CA_38115,69,"{""type"":""Point"",""coordinates"":[-118.82196273504398,35.14894511711645]}"
CA_40533,69,"{""type"":""Point"",""coordinates"":[-118.88792178225258,35.26862086575993]}"
CA_40691,69,"{""type"":""Point"",""coordinates"":[-118.91297922395273,35.06454703829914]}"
CA_40692,69,"{""type"":""Point"",""coordinates"":[-118.92904690319385,35.260395511189934]}"
CA_40749,69,"{""type"":""Point"",""coordinates"":[-118.92737420154519,35.07984947692877]}"
CA_40763,69,"{""type"":""Point"",""coordinates"":[-118.90399595949945,35.066358619291805]}"
CA_40765,69,"{""type"":""Point"",""coordinates"":[-118.93089206785388,35.262228874165494]}"
CA_40774,69,"{""type"":""Point"",""coordinates"":[-118.84098758555116,35.0709565565889]}"
CA_40796,69,"{""type"":""Point"",""coordinates"":[-118.8524759665238,35.22171455977341]}"
CA_40815,69,"{""type"":""Point"",""coordinates"":[-118.86757448740266,35.10519732295054]}"
CA_40869,69,"{""type"":""Point"",""coordinates"":[-118.87133294893265,35.1997654211623]}"
CA_40961,69,"{""type"":""Point"",""coordinates"":[-118.93543637819411,35.233310815989775]}"
CA_40963,69,"{""type"":""Point"",""coordinates"":[-118.8222634617935,35.30106893666947]}"
CA_40969,69,"{""type"":""Point"",""coordinates"":[-118.95364795732327,35.07934056123427]}"
CA_40986,69,"{""type"":""Point"",""coordinates"":[-118.80968395320748,35.20008139030568]}"
CA_40995,69,"{""type"":""Point"",""coordinates"":[-118.92446140058999,35.243304821204504]}"
CA_41005,69,"{""type"":""Point"",""coordinates"":[-118.84533584943043,35.07640624187493]}"
CA_41016,69,"{""type"":""Point"",""coordinates"":[-118.8355715952058,34.960272438788266]}"
CA_41032,69,"{""type"":""Point"",""coordinates"":[-118.90192683480015,35.32344872963691]}"
CA_41039,69,"{""type"":""Point"",""coordinates"":[-118.92658043886276,35.29789721154345]}"
CA_41043,69,"{""type"":""Point"",""coordinates"":[-118.96544021686952,35.121201128975386]}"
CA_41177,69,"{""type"":""Point"",""coordinates"":[-118.89520930888061,35.270724038112746]}"
CA_41199,69,"{""type"":""Point"",""coordinates"":[-119.00146034331088,35.035979262781666]}"
CA_41206,69,"{""type"":""Point"",""coordinates"":[-118.84022553487931,35.137805878907464]}"
CA_41221,69,"{""type"":""Point"",""coordinates"":[-118.94224099506715,35.10944229600749]}"
CA_41230,69,"{""type"":""Point"",""coordinates"":[-118.96510902128895,35.08573248856562]}"
CA_41244,69,"{""type"":""Point"",""coordinates"":[-118.91974413300295,35.08423995084819]}"
CA_41255,69,"{""type"":""Point"",""coordinates"":[-118.83496251007651,35.14446572126194]}"
CA_41259,69,"{""type"":""Point"",""coordinates"":[-118.83520545484139,35.256599944342376]}"
CA_41270,69,"{""type"":""Point"",""coordinates"":[-118.93459651957578,35.261076779871594]}"
CA_41308,69,"{""type"":""Point"",""coordinates"":[-118.88668224688101,35.23629289571719]}"
CA_41367,69,"{""type"":""Point"",""coordinates"":[-118.9113371220164,35.07722348892847]}"
CA_41368,69,"{""type"":""Point"",""coordinates"":[-118.93088478171721,35.26503386844211]}"
CA_41400,69,"{""type"":""Point"",""coordinates"":[-118.93543545247309,35.2315555429351]}"
CA_41404,69,"{""type"":""Point"",""coordinates"":[-118.83006425779438,35.06193180598988]}"
CA_41458,69,"{""type"":""Point"",""coordinates"":[-118.81220800092747,35.22099666387788]}"
CA_41480,69,"{""type"":""Point"",""coordinates"":[-118.81773101749565,35.21912685822464]}"
CA_41531,69,"{""type"":""Point"",""coordinates"":[-118.89297884725848,35.26521510858709]}"
CA_41541,69,"{""type"":""Point"",""coordinates"":[-118.8442738880149,35.19078651718112]}"
CA_41555,69,"{""type"":""Point"",""coordinates"":[-118.83883417809183,35.07104836692767]}"
CA_41596,69,"{""type"":""Point"",""coordinates"":[-118.87486949850418,35.22709830333884]}"
CA_41671,69,"{""type"":""Point"",""coordinates"":[-118.79406577783575,35.24428627843611]}"
CA_41682,69,"{""type"":""Point"",""coordinates"":[-118.92458679252563,35.14719129322042]}"
CA_41741,69,"{""type"":""Point"",""coordinates"":[-118.94642017750726,35.277835295110265]}"
CA_41760,69,"{""type"":""Point"",""coordinates"":[-118.89757221429835,35.31943416115268]}"
CA_41764,69,"{""type"":""Point"",""coordinates"":[-118.92086240633101,35.0545140295314]}"
CA_41837,69,"{""type"":""Point"",""coordinates"":[-118.93806019804164,35.08454122977269]}"
CA_41841,69,"{""type"":""Point"",""coordinates"":[-118.83498087022498,35.13667538907489]}"
CA_41850,69,"{""type"":""Point"",""coordinates"":[-118.82241769856411,35.03272808219057]}"
CA_41862,69,"{""type"":""Point"",""coordinates"":[-118.84936144686644,35.13437811004458]}"
CA_41945,69,"{""type"":""Point"",""coordinates"":[-118.89761369640311,35.32349994062939]}"
CA_41953,69,"{""type"":""Point"",""coordinates"":[-118.97921214865612,35.12107146328678]}"
CA_42016,69,"{""type"":""Point"",""coordinates"":[-118.9245376712815,35.23654237201865]}"
CA_42083,69,"{""type"":""Point"",""coordinates"":[-118.84646057934415,35.09633887086498]}"
CA_42153,69,"{""type"":""Point"",""coordinates"":[-118.76483802076932,35.21481447616838]}"
CA_42273,69,"{""type"":""Point"",""coordinates"":[-118.92525274216237,35.05813403079498]}"
CA_35987,69,"{""type"":""Point"",""coordinates"":[-118.92901557861738,34.93668687240286]}"
CA_41279,69,"{""type"":""Point"",""coordinates"":[-118.84319674097408,35.04355156072612]}"
CA_41781,69,"{""type"":""Point"",""coordinates"":[-118.93638169314377,35.013354281618426]}"
CA_40977,69,"{""type"":""Point"",""coordinates"":[-119.03034355731886,35.09450880070963]}"
CA_41916,69,"{""type"":""Point"",""coordinates"":[-119.01305318341684,35.09298537804351]}"
CA_41183,69,"{""type"":""Point"",""coordinates"":[-118.94307494518576,35.01919704067363]}"
CA_304147,72,"{""type"":""Point"",""coordinates"":[-118.86184923284962,35.306213221557826]}"
CA_305420,72,"{""type"":""Point"",""coordinates"":[-118.85434395433401,35.30904332009879]}"
CA_304207,72,"{""type"":""Point"",""coordinates"":[-118.82779468770667,35.229120728707855]}"
CA_304234,72,"{""type"":""Point"",""coordinates"":[-118.86902130465181,35.29821409991892]}"
CA_304314,72,"{""type"":""Point"",""coordinates"":[-118.78860176178634,35.338605074107164]}"
CA_304372,72,"{""type"":""Point"",""coordinates"":[-118.77307732690736,35.33595258313322]}"
CA_304512,72,"{""type"":""Point"",""coordinates"":[-118.75616472386069,35.330561507154094]}"
CA_304640,72,"{""type"":""Point"",""coordinates"":[-118.82113960726139,35.33149051034698]}"
CA_304788,72,"{""type"":""Point"",""coordinates"":[-118.76396987775308,35.33546833581952]}"
CA_304854,72,"{""type"":""Point"",""coordinates"":[-118.80963051854481,35.30880287735681]}"
CA_305216,72,"{""type"":""Point"",""coordinates"":[-118.77772357457796,35.333386127240416]}"
CA_305323,72,"{""type"":""Point"",""coordinates"":[-118.79650368895494,35.31773123643118]}"
CA_304867,72,"{""type"":""Point"",""coordinates"":[-118.89473315951327,35.28789919824666]}"
CA_304992,72,"{""type"":""Point"",""coordinates"":[-118.8458932504554,35.112709613708255]}"
CA_304835,72,"{""type"":""Point"",""coordinates"":[-118.84354227653915,35.1458110937168]}"
CA_304782,72,"{""type"":""Point"",""coordinates"":[-118.98717433720559,35.046208868185374]}"
CA_305006,72,"{""type"":""Point"",""coordinates"":[-118.9871259399142,35.03595026997869]}"
CA_304580,72,"{""type"":""Point"",""coordinates"":[-118.78045011155278,35.33006999616604]}"
CA_305144,72,"{""type"":""Point"",""coordinates"":[-118.79128168811204,35.316116662080546]}"
CA_304182,72,"{""type"":""Point"",""coordinates"":[-119.02485120152406,35.03981783089072]}"
CA_304236,72,"{""type"":""Point"",""coordinates"":[-118.77917610341484,35.27301337170799]}"
CA_304360,72,"{""type"":""Point"",""coordinates"":[-118.82786052599467,35.33608542851335]}"
CA_304465,72,"{""type"":""Point"",""coordinates"":[-118.76057641503635,35.294217606345754]}"
CA_304729,72,"{""type"":""Point"",""coordinates"":[-118.82120036588358,35.297267296419605]}"
CA_304789,72,"{""type"":""Point"",""coordinates"":[-118.79346784007743,35.2720204613145]}"
CA_304935,72,"{""type"":""Point"",""coordinates"":[-118.82312174414287,35.342878590059556]}"
CA_304986,72,"{""type"":""Point"",""coordinates"":[-118.73944873347797,35.24036221588268]}"
CA_305116,72,"{""type"":""Point"",""coordinates"":[-118.76037913652533,35.23667202030697]}"
CA_305392,72,"{""type"":""Point"",""coordinates"":[-118.841779077977,35.326552328342075]}"
CA_305404,72,"{""type"":""Point"",""coordinates"":[-119.00058901871854,35.055046177873955]}"
CA_305409,72,"{""type"":""Point"",""coordinates"":[-118.99156163864588,35.04264955296273]}"
CA_304113,72,"{""type"":""Point"",""coordinates"":[-119.04250730384494,35.04680784135888]}"
CA_298594,75,"{""type"":""Point"",""coordinates"":[-118.98323463554382,35.14165787901449]}"
CA_301982,75,"{""type"":""Point"",""coordinates"":[-118.90296586454774,35.2360407525]}"
CA_299086,75,"{""type"":""Point"",""coordinates"":[-118.95868465951632,35.03200524306985]}"
CA_298397,75,"{""type"":""Point"",""coordinates"":[-118.89250571789108,34.974670514966085]}"
CA_301837,75,"{""type"":""Point"",""coordinates"":[-119.0202527697704,35.26006516540851]}"
CA_302578,75,"{""type"":""Point"",""coordinates"":[-119.01568824035678,35.22163857559863]}"
CA_298291,75,"{""type"":""Point"",""coordinates"":[-118.88623380444314,34.988380544011605]}"
CA_299715,75,"{""type"":""Point"",""coordinates"":[-118.94659344402871,35.24148411595691]}"
CA_300581,75,"{""type"":""Point"",""coordinates"":[-118.94882431383914,35.24147576324553]}"
CA_302594,75,"{""type"":""Point"",""coordinates"":[-118.91676285392744,35.21057709638311]}"
CA_299265,75,"{""type"":""Point"",""coordinates"":[-118.98898713580691,35.08855060941805]}"
CA_301532,75,"{""type"":""Point"",""coordinates"":[-118.92832675522477,35.02505344872245]}"
CA_298612,75,"{""type"":""Point"",""coordinates"":[-118.833398062127,35.019961958926366]}"
CA_300262,75,"{""type"":""Point"",""coordinates"":[-118.88970920569342,35.29435288113014]}"
CA_300271,75,"{""type"":""Point"",""coordinates"":[-118.89883159090652,35.292696168860665]}"
CA_300383,75,"{""type"":""Point"",""coordinates"":[-118.87119544739474,35.14893964652488]}"
CA_300472,75,"{""type"":""Point"",""coordinates"":[-118.85107131540596,35.00545876168738]}"
CA_307619,75,"{""type"":""Point"",""coordinates"":[-118.86765523985066,35.243544180410595]}"
CA_306411,204,"{""type"":""Point"",""coordinates"":[-119.01531604326621,35.1357111208154]}"
CA_34826,241,"{""type"":""Point"",""coordinates"":[-119.03487439937035,35.18495699013071]}"
CA_35317,241,"{""type"":""Point"",""coordinates"":[-118.96313627175842,35.22514728343756]}"
CA_35326,241,"{""type"":""Point"",""coordinates"":[-118.92108614115223,35.24258047699131]}"
CA_36093,241,"{""type"":""Point"",""coordinates"":[-118.95138909303785,35.22600133266541]}"
CA_35252,241,"{""type"":""Point"",""coordinates"":[-118.88944920061108,35.21788322426461]}"
CA_36982,241,"{""type"":""Point"",""coordinates"":[-118.98260630070139,35.228574949417236]}"
CA_34448,241,"{""type"":""Point"",""coordinates"":[-119.00203146334401,35.25022239581721]}"
CA_35465,241,"{""type"":""Point"",""coordinates"":[-119.01397023071678,35.18855077915513]}"
CA_35319,241,"{""type"":""Point"",""coordinates"":[-118.97150749986366,35.28679717751705]}"
CA_35343,241,"{""type"":""Point"",""coordinates"":[-118.91033836957902,35.18300079014385]}"
CA_35798,241,"{""type"":""Point"",""coordinates"":[-118.96536172476631,35.30349160431954]}"
CA_37993,241,"{""type"":""Point"",""coordinates"":[-118.91524056414754,35.29097624713899]}"
CA_37890,241,"{""type"":""Point"",""coordinates"":[-118.85956568696362,35.04690480629332]}"
CA_33710,0,"{""type"":""Point"",""coordinates"":[-119.14931802576318,35.49422036822706]}"
CA_33638,37,"{""type"":""Point"",""coordinates"":[-119.36951582465788,35.35630544228858]}"
CA_35208,47,"{""type"":""Point"",""coordinates"":[-118.94757851573725,35.32409243807217]}"
CA_38796,61,"{""type"":""Point"",""coordinates"":[-119.3161751583627,35.12924166557639]}"
CA_38270,37,"{""type"":""Point"",""coordinates"":[-119.21984314117091,35.37469443408513]}"
CA_33086,47,"{""type"":""Point"",""coordinates"":[-119.2194505710812,35.3506882710353]}"
CA_36620,61,"{""type"":""Point"",""coordinates"":[-119.20238915044646,35.09483673438718]}"
CA_42143,69,"{""type"":""Point"",""coordinates"":[-119.13502500422466,35.09289443989277]}"
CA_33893,61,"{""type"":""Point"",""coordinates"":[-119.2955502425538,35.458358535152875]}"
CA_36396,61,"{""type"":""Point"",""coordinates"":[-119.25168202317336,35.13928418126149]}"
CA_37105,61,"{""type"":""Point"",""coordinates"":[-119.13706341302615,35.30474565253334]}"
CA_37173,61,"{""type"":""Point"",""coordinates"":[-119.2154657973633,35.14378399446602]}"
CA_37176,61,"{""type"":""Point"",""coordinates"":[-119.22562282384071,35.130168805730236]}"
CA_37227,61,"{""type"":""Point"",""coordinates"":[-119.20726227528701,35.152579364265826]}"
CA_37363,61,"{""type"":""Point"",""coordinates"":[-119.04847462505843,35.25784214375171]}"
CA_306443,204,"{""type"":""Point"",""coordinates"":[-119.39851918614777,35.715522663650965]}"
CA_39997,69,"{""type"":""Point"",""coordinates"":[-119.26191678698048,35.71960951529091]}"
CA_38330,61,"{""type"":""Point"",""coordinates"":[-119.26780048506623,35.48348755184241]}"
CA_302470,75,"{""type"":""Point"",""coordinates"":[-119.31627827278838,35.5067312656433]}"
CA_33706,36,"{""type"":""Point"",""coordinates"":[-119.33338596342355,35.51344568781936]}"
CA_42274,69,"{""type"":""Point"",""coordinates"":[-119.13565226036354,35.786374195838015]}"
CA_302897,76,"{""type"":""Point"",""coordinates"":[-119.1893945829934,35.38299557308491]}"
CA_303914,72,"{""type"":""Point"",""coordinates"":[-119.06961897644126,35.596607052528064]}"
CA_303915,72,"{""type"":""Point"",""coordinates"":[-119.06993909715675,35.59346167920229]}"
CA_304009,204,"{""type"":""Point"",""coordinates"":[-119.03467029760243,35.71173425051447]}"
CA_298159,72,"{""type"":""Point"",""coordinates"":[-119.04809125610028,35.626387916379535]}"
CA_298160,72,"{""type"":""Point"",""coordinates"":[-119.04776728710995,35.62986407372673]}"
CA_35145,61,"{""type"":""Point"",""coordinates"":[-119.10476819882298,35.26909030997764]}"
CA_35251,47,"{""type"":""Point"",""coordinates"":[-119.05904076173968,35.23977494564232]}"
CA_305684,204,"{""type"":""Point"",""coordinates"":[-119.17721861048895,35.22959118197212]}"
CA_306083,204,"{""type"":""Point"",""coordinates"":[-119.3984206748496,35.41492782670715]}"
CA_34456,241,"{""type"":""Point"",""coordinates"":[-119.1617827698337,35.22762882412708]}"
CA_34583,241,"{""type"":""Point"",""coordinates"":[-119.17472132395835,35.19254815034398]}"
CA_35040,241,"{""type"":""Point"",""coordinates"":[-119.15043686515796,35.2413008985544]}"
CA_35446,241,"{""type"":""Point"",""coordinates"":[-119.05256254952776,35.192239964118556]}"
CA_34644,241,"{""type"":""Point"",""coordinates"":[-119.12576824964411,35.242198929455455]}"
CA_31103,61,"{""type"":""Point"",""coordinates"":[-119.38851269479632,35.67249374640703]}"
CA_31840,47,"{""type"":""Point"",""coordinates"":[-119.20121552797703,35.37076939741272]}"
CA_32179,36,"{""type"":""Point"",""coordinates"":[-119.37450044137475,35.335960101112505]}"
CA_302540,75,"{""type"":""Point"",""coordinates"":[-119.27651111358537,35.43138142303919]}"
CA_299259,75,"{""type"":""Point"",""coordinates"":[-119.34336614275985,35.38195090603965]}"
CA_35693,47,"{""type"":""Point"",""coordinates"":[-119.07215158468509,35.277008506076115]}"
CA_36492,61,"{""type"":""Point"",""coordinates"":[-119.30964924965143,35.20398383924333]}"
CA_36903,61,"{""type"":""Point"",""coordinates"":[-119.30964824777217,35.20735528688988]}"
CA_307016,204,"{""type"":""Point"",""coordinates"":[-119.15633481455573,35.16440831325348]}"
CA_37690,241,"{""type"":""Point"",""coordinates"":[-119.07544542344256,35.285416699739635]}"
CA_299271,75,"{""type"":""Point"",""coordinates"":[-119.11035957670788,35.28129529100587]}"
CA_32085,47,"{""type"":""Point"",""coordinates"":[-119.35674549544315,35.39479282289629]}"
CA_33940,241,"{""type"":""Point"",""coordinates"":[-119.38977625474975,35.415030388331225]}"
CA_33941,36,"{""type"":""Point"",""coordinates"":[-119.38069356576065,35.422273648732244]}"
CA_34482,241,"{""type"":""Point"",""coordinates"":[-119.11308975099216,35.17098230934012]}"
CA_34927,241,"{""type"":""Point"",""coordinates"":[-119.23062394507461,35.24898776044398]}"
CA_35235,241,"{""type"":""Point"",""coordinates"":[-119.0629485311917,35.206943738431896]}"
CA_37429,36,"{""type"":""Point"",""coordinates"":[-119.11648260555339,35.161139813884496]}"
CA_34494,47,"{""type"":""Point"",""coordinates"":[-119.24051956358905,35.25091513764909]}"
CA_299054,75,"{""type"":""Point"",""coordinates"":[-119.33842515539266,35.41646373525381]}"
CA_299174,75,"{""type"":""Point"",""coordinates"":[-119.33412490025323,35.416613343789415]}"
CA_300235,75,"{""type"":""Point"",""coordinates"":[-119.37051605403748,35.4612058206509]}"
CA_302181,75,"{""type"":""Point"",""coordinates"":[-119.26839638898645,35.49071570737811]}"
CA_31282,47,"{""type"":""Point"",""coordinates"":[-119.32999329391816,35.3875082632178]}"
CA_31303,241,"{""type"":""Point"",""coordinates"":[-119.41458462171357,35.396518670826495]}"
CA_31820,241,"{""type"":""Point"",""coordinates"":[-119.38002095246894,35.40831318487591]}"
CA_32082,61,"{""type"":""Point"",""coordinates"":[-119.3391286188869,35.47462718939594]}"
CA_32084,241,"{""type"":""Point"",""coordinates"":[-119.22086451494025,35.42891426381863]}"
CA_33072,61,"{""type"":""Point"",""coordinates"":[-119.38556215684166,35.78657979869908]}"
CA_34604,241,"{""type"":""Point"",""coordinates"":[-118.95205466320917,35.33783786309723]}"
CA_34725,241,"{""type"":""Point"",""coordinates"":[-119.12105327125104,35.19776931130331]}"
CA_34925,241,"{""type"":""Point"",""coordinates"":[-119.22937591733111,35.23445781856646]}"
CA_35002,241,"{""type"":""Point"",""coordinates"":[-119.23426463608975,35.212959629838046]}"
CA_37802,241,"{""type"":""Point"",""coordinates"":[-119.07222553271475,35.23192828573064]}"
CA_34972,241,"{""type"":""Point"",""coordinates"":[-119.23695968997852,35.21527518068908]}"
CA_37166,61,"{""type"":""Point"",""coordinates"":[-119.18537929385388,35.299903641412584]}"
CA_299837,75,"{""type"":""Point"",""coordinates"":[-119.297687176845,35.52512648092793]}"
CA_31440,61,"{""type"":""Point"",""coordinates"":[-119.11221857337212,35.43960194558667]}"
CA_298475,75,"{""type"":""Point"",""coordinates"":[-119.30418709084181,35.40022549425456]}"
CA_299233,75,"{""type"":""Point"",""coordinates"":[-119.14156635502248,35.27618729174328]}"
CA_299467,75,"{""type"":""Point"",""coordinates"":[-119.2947377207583,35.39614246496767]}"
CA_299653,75,"{""type"":""Point"",""coordinates"":[-119.32768247429928,35.74161521143865]}"
CA_300753,75,"{""type"":""Point"",""coordinates"":[-119.28425176611516,35.3923123463262]}"
CA_31913,47,"{""type"":""Point"",""coordinates"":[-119.32718637409351,35.43289789246316]}"
CA_32249,36,"{""type"":""Point"",""coordinates"":[-119.33427129486701,35.76307994900972]}"
CA_32282,47,"{""type"":""Point"",""coordinates"":[-119.13853807862478,35.45238382286147]}"
CA_33163,36,"{""type"":""Point"",""coordinates"":[-119.29547962152101,35.385532712422915]}"
CA_33219,47,"{""type"":""Point"",""coordinates"":[-119.33652402484257,35.766644482519965]}"
CA_33395,47,"{""type"":""Point"",""coordinates"":[-119.29636980770827,35.76502351720239]}"
CA_34163,47,"{""type"":""Point"",""coordinates"":[-119.27726748628484,35.387366614973125]}"
CA_34561,241,"{""type"":""Point"",""coordinates"":[-118.91726545381364,35.32723398192166]}"
CA_34773,36,"{""type"":""Point"",""coordinates"":[-118.96523960208526,35.31474583236308]}"
CA_35030,36,"{""type"":""Point"",""coordinates"":[-119.13981204416426,35.307181441982046]}"
CA_35255,61,"{""type"":""Point"",""coordinates"":[-119.0860639547792,35.237376182203825]}"
CA_36334,204,"{""type"":""Point"",""coordinates"":[-119.11665258220599,35.155475371806425]}"
CA_307606,204,"{""type"":""Point"",""coordinates"":[-119.36079728993718,35.37035802408062]}"
CA_307662,75,"{""type"":""Point"",""coordinates"":[-119.35680617994561,35.374888111620116]}"
CA_297922,75,"{""type"":""Point"",""coordinates"":[-119.22970496754002,35.75052355931957]}"
CA_301792,75,"{""type"":""Point"",""coordinates"":[-119.36536797863478,35.412232978872325]}"
CA_299136,75,"{""type"":""Point"",""coordinates"":[-119.25939229598255,35.36444111438915]}"
CA_299380,75,"{""type"":""Point"",""coordinates"":[-119.3541762982495,35.411220349423594]}"
CA_31238,36,"{""type"":""Point"",""coordinates"":[-119.29323979460955,35.38978196326194]}"
CA_31579,241,"{""type"":""Point"",""coordinates"":[-119.39607957890807,35.43307366374066]}"
CA_31940,36,"{""type"":""Point"",""coordinates"":[-119.33704240230543,35.45465557524201]}"
CA_32508,61,"{""type"":""Point"",""coordinates"":[-119.40337983161363,35.786508078383555]}"
CA_33471,61,"{""type"":""Point"",""coordinates"":[-119.09642880582945,35.424855373880526]}"
CA_33809,36,"{""type"":""Point"",""coordinates"":[-119.35397868822406,35.42571764009977]}"
CA_37985,47,"{""type"":""Point"",""coordinates"":[-119.04859201387211,35.26548898737356]}"
CA_37987,47,"{""type"":""Point"",""coordinates"":[-119.05130133376986,35.265497929518716]}"
CA_307671,75,"{""type"":""Point"",""coordinates"":[-119.14407191098155,35.2849821889557]}"
CA_31239,36,"{""type"":""Point"",""coordinates"":[-119.30237863458585,35.38999637551461]}"
CA_423678,61,"{""type"":""Point"",""coordinates"":[-119.09435653343174,35.269023961332955]}"
CA_34975,241,"{""type"":""Point"",""coordinates"":[-119.19473889786053,35.18902459979092]}"
CA_34874,37,"{""type"":""Point"",""coordinates"":[-118.87096901471699,35.370423077075486]}"
CA_33976,61,"{""type"":""Point"",""coordinates"":[-119.22734679880023,35.497756651356646]}"
CA_37668,47,"{""type"":""Point"",""coordinates"":[-118.883301773289,35.348961165067344]}"
CA_299254,75,"{""type"":""Point"",""coordinates"":[-119.08825441329755,35.43891628690028]}"
CA_40349,69,"{""type"":""Point"",""coordinates"":[-119.12239186485519,35.503239756587845]}"
CA_303072,61,"{""type"":""Point"",""coordinates"":[-119.13587337447022,35.550758157009184]}"
CA_41104,69,"{""type"":""Point"",""coordinates"":[-119.10854742311632,35.24204975803312]}"
CA_298360,72,"{""type"":""Point"",""coordinates"":[-118.85854623361625,35.35343492435882]}"
CA_33525,61,"{""type"":""Point"",""coordinates"":[-119.13519237851165,35.78409243439258]}"
CA_39770,69,"{""type"":""Point"",""coordinates"":[-119.2973325756357,35.50466095648718]}"
CA_31383,47,"{""type"":""Point"",""coordinates"":[-119.25078136741693,35.72398865710937]}"
CA_37301,47,"{""type"":""Point"",""coordinates"":[-119.11521662301121,35.10239207335663]}"
CA_307499,204,"{""type"":""Point"",""coordinates"":[-119.24419883392349,35.181985906070956]}"
CA_37296,61,"{""type"":""Point"",""coordinates"":[-119.13830423144533,35.128833212709]}"
CA_35152,47,"{""type"":""Point"",""coordinates"":[-119.1413754836479,35.136080434179455]}"
CA_34763,47,"{""type"":""Point"",""coordinates"":[-119.13242912726511,35.132513760303794]}"
CA_301013,75,"{""type"":""Point"",""coordinates"":[-119.29782102135182,35.53181024868831]}"
CA_34711,61,"{""type"":""Point"",""coordinates"":[-119.21240089947143,35.13397171719986]}"
CA_303396,72,"{""type"":""Point"",""coordinates"":[-119.10425175274952,35.54230920736455]}"
CA_34035,47,"{""type"":""Point"",""coordinates"":[-119.1766287629448,35.417862868473264]}"
CA_34079,61,"{""type"":""Point"",""coordinates"":[-119.1168757296246,35.751762207606895]}"
CA_36489,61,"{""type"":""Point"",""coordinates"":[-119.31867162741604,35.196987630194705]}"
CA_37338,61,"{""type"":""Point"",""coordinates"":[-119.30112458309783,35.21889088425809]}"
CA_37400,61,"{""type"":""Point"",""coordinates"":[-119.29735562776222,35.21227340466029]}"
CA_38060,61,"{""type"":""Point"",""coordinates"":[-119.30921274809108,35.21534587182198]}"
CA_306627,204,"{""type"":""Point"",""coordinates"":[-119.24414372919166,35.199614842559164]}"
CA_297932,204,"{""type"":""Point"",""coordinates"":[-119.10178411918535,35.78625225370592]}"
CA_35490,61,"{""type"":""Point"",""coordinates"":[-119.37087623003559,35.1121571031074]}"
CA_32452,241,"{""type"":""Point"",""coordinates"":[-119.3060919516271,35.43890532414149]}"
CA_304213,72,"{""type"":""Point"",""coordinates"":[-119.26631864905794,35.02000366561222]}"
CA_303110,72,"{""type"":""Point"",""coordinates"":[-119.13286286032593,35.771789933888755]}"
CA_36989,61,"{""type"":""Point"",""coordinates"":[-118.82491725190839,35.359205925474484]}"
CA_305356,68,"{""type"":""Point"",""coordinates"":[-119.24795351875416,35.09880820667968]}"
CA_300962,75,"{""type"":""Point"",""coordinates"":[-119.19474028416236,35.49425925832321]}"
CA_301582,75,"{""type"":""Point"",""coordinates"":[-119.18638728222548,35.49873118620229]}"
CA_301826,75,"{""type"":""Point"",""coordinates"":[-119.21536883138394,35.51252904925445]}"
CA_301007,75,"{""type"":""Point"",""coordinates"":[-119.350065273047,35.74497448058926]}"
CA_32411,61,"{""type"":""Point"",""coordinates"":[-119.34739746690957,35.73762358620767]}"
CA_40009,69,"{""type"":""Point"",""coordinates"":[-119.35508716511248,35.68503263743682]}"
CA_40319,69,"{""type"":""Point"",""coordinates"":[-119.32431716404905,35.734073332455225]}"
CA_298318,72,"{""type"":""Point"",""coordinates"":[-118.8192144614691,35.34704184741043]}"
CA_31972,47,"{""type"":""Point"",""coordinates"":[-119.27957552817519,35.530176727362985]}"
CA_39430,69,"{""type"":""Point"",""coordinates"":[-119.12861756660139,35.745386587694995]}"
CA_40196,69,"{""type"":""Point"",""coordinates"":[-119.28183019978536,35.740464833246044]}"
CA_41773,69,"{""type"":""Point"",""coordinates"":[-119.14176291136012,35.08065221056401]}"
CA_32790,61,"{""type"":""Point"",""coordinates"":[-119.09839008512591,35.4659308237477]}"
CA_36759,61,"{""type"":""Point"",""coordinates"":[-119.28870286703896,35.11018220072457]}"
CA_38963,69,"{""type"":""Point"",""coordinates"":[-119.11290580911034,35.77443671598558]}"
CA_39551,69,"{""type"":""Point"",""coordinates"":[-119.1150967093952,35.77497327810618]}"
CA_298601,75,"{""type"":""Point"",""coordinates"":[-119.18715709627132,35.4559628177733]}"
CA_297950,204,"{""type"":""Point"",""coordinates"":[-119.11849459117288,35.48860576183508]}"
CA_298024,204,"{""type"":""Point"",""coordinates"":[-119.1286290118586,35.48352260131626]}"
CA_298067,47,"{""type"":""Point"",""coordinates"":[-119.1030126987663,35.58980131019776]}"
CA_298100,69,"{""type"":""Point"",""coordinates"":[-119.21529281490169,35.733137234738784]}"
CA_298289,61,"{""type"":""Point"",""coordinates"":[-119.28869445179544,35.11656702295466]}"
CA_301986,75,"{""type"":""Point"",""coordinates"":[-119.34644204535678,35.77109662240891]}"
CA_32404,47,"{""type"":""Point"",""coordinates"":[-119.26524337558946,35.709596457102776]}"
CA_32457,61,"{""type"":""Point"",""coordinates"":[-119.13794374376717,35.74568075012493]}"
CA_32686,61,"{""type"":""Point"",""coordinates"":[-119.1231348907044,35.47487858366971]}"
CA_32712,61,"{""type"":""Point"",""coordinates"":[-119.10178161285413,35.464783623136505]}"
CA_32783,61,"{""type"":""Point"",""coordinates"":[-119.16406091800175,35.765985803020456]}"
CA_32851,47,"{""type"":""Point"",""coordinates"":[-119.15960637972275,35.78873163356804]}"
CA_32887,82,"{""type"":""Point"",""coordinates"":[-119.09972725972835,35.43294031494612]}"
CA_32969,47,"{""type"":""Point"",""coordinates"":[-119.06948430609752,35.78549209924574]}"
CA_33042,204,"{""type"":""Point"",""coordinates"":[-119.30635436405414,35.75949016756383]}"
CA_33224,204,"{""type"":""Point"",""coordinates"":[-119.13693898018428,35.560012386943434]}"
CA_33328,204,"{""type"":""Point"",""coordinates"":[-119.30634698571482,35.755914915714044]}"
CA_33354,75,"{""type"":""Point"",""coordinates"":[-119.21530349684973,35.77771843009181]}"
CA_33357,75,"{""type"":""Point"",""coordinates"":[-119.32604106858248,35.50540849109818]}"
CA_33359,61,"{""type"":""Point"",""coordinates"":[-119.27745403912141,35.76756906711887]}"
CA_33420,47,"{""type"":""Point"",""coordinates"":[-119.29528522778455,35.74863735849994]}"
CA_34080,61,"{""type"":""Point"",""coordinates"":[-119.11439921420241,35.752680403804]}"
CA_35623,47,"{""type"":""Point"",""coordinates"":[-118.87544335023989,35.34190712342171]}"
CA_36905,61,"{""type"":""Point"",""coordinates"":[-119.2974447124173,35.12090542814649]}"
CA_36935,61,"{""type"":""Point"",""coordinates"":[-119.18221902306998,35.08066836340997]}"
CA_38829,69,"{""type"":""Point"",""coordinates"":[-119.36806769107369,35.73751226035856]}"
CA_38912,69,"{""type"":""Point"",""coordinates"":[-119.13480989263405,35.46401076217454]}"
CA_39196,69,"{""type"":""Point"",""coordinates"":[-119.14323183435349,35.47476253792487]}"
CA_39204,69,"{""type"":""Point"",""coordinates"":[-119.13573579846775,35.50317700699408]}"
CA_39300,69,"{""type"":""Point"",""coordinates"":[-119.11510602756559,35.77144866937388]}"
CA_39374,69,"{""type"":""Point"",""coordinates"":[-119.17297293333684,35.76687318182082]}"
CA_39530,69,"{""type"":""Point"",""coordinates"":[-119.12214419237552,35.51044924320981]}"
CA_39621,69,"{""type"":""Point"",""coordinates"":[-119.15746295214103,35.75472167171318]}"
CA_39625,61,"{""type"":""Point"",""coordinates"":[-119.09493546776933,35.46203817549202]}"
CA_39719,61,"{""type"":""Point"",""coordinates"":[-119.0861031765126,35.45225335227266]}"
CA_39733,69,"{""type"":""Point"",""coordinates"":[-119.18865487639455,35.759456275698184]}"
CA_39790,69,"{""type"":""Point"",""coordinates"":[-119.12629902728474,35.517715001774]}"
CA_39806,69,"{""type"":""Point"",""coordinates"":[-119.27503983922998,35.73413413521963]}"
CA_39860,69,"{""type"":""Point"",""coordinates"":[-119.13087034032002,35.51223472494017]}"
CA_39875,69,"{""type"":""Point"",""coordinates"":[-119.15742705451862,35.762491748661304]}"
CA_39890,69,"{""type"":""Point"",""coordinates"":[-119.17237067811459,35.547771622687534]}"
CA_39891,69,"{""type"":""Point"",""coordinates"":[-119.14886050524301,35.46808510378706]}"
CA_39978,61,"{""type"":""Point"",""coordinates"":[-119.1196192830505,35.76040957508252]}"
CA_40156,69,"{""type"":""Point"",""coordinates"":[-119.18184469288504,35.75593122439754]}"
CA_40167,69,"{""type"":""Point"",""coordinates"":[-119.1144587957559,35.58596473168797]}"
CA_40188,69,"{""type"":""Point"",""coordinates"":[-119.18187457352097,35.77055242798608]}"
CA_40213,69,"{""type"":""Point"",""coordinates"":[-119.28858107917675,35.72141317309359]}"
CA_40365,69,"{""type"":""Point"",""coordinates"":[-119.30531680612575,35.50646880871692]}"
CA_40488,69,"{""type"":""Point"",""coordinates"":[-119.14447565435316,35.74640314278706]}"
CA_40755,69,"{""type"":""Point"",""coordinates"":[-119.18762960308058,35.087850248313]}"
CA_41321,69,"{""type"":""Point"",""coordinates"":[-119.05986213735278,35.067035086502294]}"
CA_41581,69,"{""type"":""Point"",""coordinates"":[-118.91558703433931,35.34557773382726]}"
CA_41864,69,"{""type"":""Point"",""coordinates"":[-119.2264938144246,35.09764037234567]}"
CA_41917,69,"{""type"":""Point"",""coordinates"":[-119.05974532339759,35.08026717604334]}"
CA_42172,69,"{""type"":""Point"",""coordinates"":[-119.04840774712788,35.07293336382827]}"
CA_42289,47,"{""type"":""Point"",""coordinates"":[-119.18456240904958,35.56045372189711]}"
CA_42345,69,"{""type"":""Point"",""coordinates"":[-119.19519083024448,35.08679041807816]}"
CA_33498,61,"{""type"":""Point"",""coordinates"":[-119.16416204853662,35.4790005305768]}"
CA_40014,69,"{""type"":""Point"",""coordinates"":[-119.11965275955876,35.788873849205615]}"
CA_32989,47,"{""type"":""Point"",""coordinates"":[-119.29969073995717,35.7477012101932]}"
CA_37007,122,"{""type"":""Point"",""coordinates"":[-118.89539788946016,35.35678556769089]}"
CA_32932,61,"{""type"":""Point"",""coordinates"":[-119.1917214490142,35.37769126961599]}"
CA_36095,61,"{""type"":""Point"",""coordinates"":[-119.1713066774439,35.11144636865399]}"
CA_304388,72,"{""type"":""Point"",""coordinates"":[-119.09807736619987,35.06461471626514]}"
CA_304735,72,"{""type"":""Point"",""coordinates"":[-119.20917394402281,35.05318994031493]}"
CA_303718,72,"{""type"":""Point"",""coordinates"":[-119.05184346785899,35.78462313706385]}"
CA_303772,72,"{""type"":""Point"",""coordinates"":[-119.03413972099112,35.74125068996698]}"
CA_303871,72,"{""type"":""Point"",""coordinates"":[-119.02961811717809,35.73402595066476]}"
CA_304631,72,"{""type"":""Point"",""coordinates"":[-119.28459034218167,35.05301154593786]}"
CA_304942,72,"{""type"":""Point"",""coordinates"":[-119.13140624877916,35.04636247253402]}"
CA_305197,72,"{""type"":""Point"",""coordinates"":[-119.22680979848339,35.043870765432615]}"
CA_302669,72,"{""type"":""Point"",""coordinates"":[-119.03073821698227,35.746539485677765]}"
CA_302901,72,"{""type"":""Point"",""coordinates"":[-118.84527069503953,35.4209841789716]}"
CA_307697,72,"{""type"":""Point"",""coordinates"":[-118.86249864157553,35.355015421562825]}"
CA_305282,72,"{""type"":""Point"",""coordinates"":[-119.18720539578007,35.073777893799814]}"
CA_304259,72,"{""type"":""Point"",""coordinates"":[-119.1870892647121,35.05335517144182]}"
CA_304307,72,"{""type"":""Point"",""coordinates"":[-118.87982210552393,35.33568446834854]}"
CA_304749,72,"{""type"":""Point"",""coordinates"":[-119.1514465940476,35.052915875147605]}"
CA_304930,72,"{""type"":""Point"",""coordinates"":[-118.881996020963,35.33565491835054]}"
CA_304209,72,"{""type"":""Point"",""coordinates"":[-119.28021129122024,35.04802296061373]}"
CA_304260,72,"{""type"":""Point"",""coordinates"":[-119.31609576192682,35.06710789989085]}"
CA_305068,72,"{""type"":""Point"",""coordinates"":[-119.28021963485132,35.05342027758806]}"
CA_303344,72,"{""type"":""Point"",""coordinates"":[-119.1595644921417,35.77370306335928]}"
CA_304355,72,"{""type"":""Point"",""coordinates"":[-119.24796378923014,35.05099302582742]}"
CA_304479,72,"{""type"":""Point"",""coordinates"":[-119.09797895025422,35.039105852133694]}"
CA_305146,72,"{""type"":""Point"",""coordinates"":[-119.13775178197082,35.0102676547271]}"
CA_305201,72,"{""type"":""Point"",""coordinates"":[-119.24003603943598,35.03830313993096]}"
CA_304688,72,"{""type"":""Point"",""coordinates"":[-119.2728409574786,35.034386897762666]}"
CA_304843,72,"{""type"":""Point"",""coordinates"":[-118.85961588200973,35.34347297967527]}"
CA_37032,47,"{""type"":""Point"",""coordinates"":[-119.26536080483334,35.04526645982652]}"
CA_303260,72,"{""type"":""Point"",""coordinates"":[-119.0480867350675,35.78899434008218]}"
CA_303317,72,"{""type"":""Point"",""coordinates"":[-119.02959711121193,35.74300073254568]}"
CA_303433,72,"{""type"":""Point"",""coordinates"":[-119.08285272297901,35.7780973176973]}"
CA_303463,72,"{""type"":""Point"",""coordinates"":[-119.13565026291016,35.574464228771916]}"
CA_303464,72,"{""type"":""Point"",""coordinates"":[-119.15295113564385,35.773725095101355]}"
CA_303712,72,"{""type"":""Point"",""coordinates"":[-118.81028930623519,35.43061790905289]}"
CA_303990,72,"{""type"":""Point"",""coordinates"":[-119.08670274466256,35.76817261355943]}"
CA_304258,72,"{""type"":""Point"",""coordinates"":[-119.18281479155797,35.06435768816154]}"
CA_304348,72,"{""type"":""Point"",""coordinates"":[-119.26293264279377,35.07372131798777]}"
CA_304429,72,"{""type"":""Point"",""coordinates"":[-118.86976765733634,35.353205172339074]}"
CA_304776,72,"{""type"":""Point"",""coordinates"":[-118.88090524572479,35.33076875602688]}"
CA_304808,72,"{""type"":""Point"",""coordinates"":[-118.92224572670426,35.372004726323716]}"
CA_304877,72,"{""type"":""Point"",""coordinates"":[-119.08410823662841,35.06374674104585]}"
CA_304894,72,"{""type"":""Point"",""coordinates"":[-119.06837927439419,35.0483732939926]}"
CA_305279,72,"{""type"":""Point"",""coordinates"":[-119.14344077580128,35.067180162180925]}"
CA_305363,72,"{""type"":""Point"",""coordinates"":[-118.8596673590795,35.33961487846833]}"
CA_305410,72,"{""type"":""Point"",""coordinates"":[-119.08489009306518,35.03593044446336]}"
CA_302667,72,"{""type"":""Point"",""coordinates"":[-118.83730447439389,35.42956950806813]}"
CA_303115,72,"{""type"":""Point"",""coordinates"":[-119.14007135799949,35.57445971937587]}"
CA_34281,61,"{""type"":""Point"",""coordinates"":[-118.83648068993524,35.35300322952622]}"
CA_299853,75,"{""type"":""Point"",""coordinates"":[-119.23637484251567,35.43253911853882]}"
CA_301445,75,"{""type"":""Point"",""coordinates"":[-119.20099902689266,35.52776286518695]}"
CA_300462,75,"{""type"":""Point"",""coordinates"":[-119.10423755355535,35.21096447337598]}"
CA_307651,75,"{""type"":""Point"",""coordinates"":[-119.24122268585064,35.29240149414401]}"
CA_298463,75,"{""type"":""Point"",""coordinates"":[-119.28788060595305,35.40426923714553]}"
CA_298568,75,"{""type"":""Point"",""coordinates"":[-119.09003592676365,35.43066178964975]}"
CA_298842,75,"{""type"":""Point"",""coordinates"":[-119.40627066147813,35.69055335686026]}"
CA_298884,75,"{""type"":""Point"",""coordinates"":[-119.3923883608246,35.48224756114398]}"
CA_298903,75,"{""type"":""Point"",""coordinates"":[-119.39231327905689,35.4967565722131]}"
CA_299213,75,"{""type"":""Point"",""coordinates"":[-119.10438896948109,35.21422530892555]}"
CA_299735,75,"{""type"":""Point"",""coordinates"":[-119.40574524690187,35.75205683971983]}"
CA_299845,75,"{""type"":""Point"",""coordinates"":[-119.1544439177204,35.49403026935612]}"
CA_300065,75,"{""type"":""Point"",""coordinates"":[-119.2653453429198,35.39588708773297]}"
CA_300106,75,"{""type"":""Point"",""coordinates"":[-119.16012995691419,35.47310081664336]}"
CA_300128,75,"{""type"":""Point"",""coordinates"":[-119.31162209651524,35.49898928552971]}"
CA_300170,75,"{""type"":""Point"",""coordinates"":[-119.26300797674216,35.42538778074073]}"
CA_300250,75,"{""type"":""Point"",""coordinates"":[-119.38017038618484,35.35682805231101]}"
CA_300313,75,"{""type"":""Point"",""coordinates"":[-119.30065480117428,35.42916507917752]}"
CA_300358,75,"{""type"":""Point"",""coordinates"":[-119.27335601860574,35.37770219506041]}"
CA_300445,75,"{""type"":""Point"",""coordinates"":[-119.27857031085725,35.78132300592505]}"
CA_300446,75,"{""type"":""Point"",""coordinates"":[-119.21427390402589,35.09763620858895]}"
CA_300476,75,"{""type"":""Point"",""coordinates"":[-119.3790680813257,35.363892986078035]}"
CA_300528,75,"{""type"":""Point"",""coordinates"":[-119.26310229126585,35.401809324534696]}"
CA_300549,75,"{""type"":""Point"",""coordinates"":[-119.13392385202931,35.44015462129176]}"
CA_300607,75,"{""type"":""Point"",""coordinates"":[-119.22719015576021,35.08032413126815]}"
CA_300629,75,"{""type"":""Point"",""coordinates"":[-119.32339876808157,35.71232203731556]}"
CA_300687,75,"{""type"":""Point"",""coordinates"":[-119.35581814543889,35.75931785838951]}"
CA_300733,75,"{""type"":""Point"",""coordinates"":[-119.34287322403613,35.43837557298277]}"
CA_300835,75,"{""type"":""Point"",""coordinates"":[-119.24928634065225,35.50347233783238]}"
CA_300838,75,"{""type"":""Point"",""coordinates"":[-119.3117712410353,35.487273934998534]}"
CA_300893,75,"{""type"":""Point"",""coordinates"":[-119.32299981679539,35.71937519801068]}"
CA_300983,75,"{""type"":""Point"",""coordinates"":[-119.18666645240211,35.46875240406472]}"
CA_301003,75,"{""type"":""Point"",""coordinates"":[-119.09150274927757,35.0925769891703]}"
CA_301016,75,"{""type"":""Point"",""coordinates"":[-119.16304020780694,35.503765591814265]}"
CA_301018,75,"{""type"":""Point"",""coordinates"":[-119.16053043286563,35.52655646366194]}"
CA_301049,75,"{""type"":""Point"",""coordinates"":[-119.22276348626623,35.0801847318323]}"
CA_301150,75,"{""type"":""Point"",""coordinates"":[-119.17401304642979,35.51847107738469]}"
CA_301206,75,"{""type"":""Point"",""coordinates"":[-119.29452467691546,35.36967664364378]}"
CA_301269,75,"{""type"":""Point"",""coordinates"":[-119.24417091628736,35.39247446488945]}"
CA_301365,75,"{""type"":""Point"",""coordinates"":[-119.40577289601683,35.489435647060645]}"
CA_301408,75,"{""type"":""Point"",""coordinates"":[-119.37466632703199,35.49881450024638]}"
CA_301436,75,"{""type"":""Point"",""coordinates"":[-119.23906508244625,35.40686543956303]}"
CA_301461,75,"{""type"":""Point"",""coordinates"":[-119.29132005817823,35.095747288415886]}"
CA_301469,75,"{""type"":""Point"",""coordinates"":[-119.19533350091402,35.52454262513362]}"
CA_301471,61,"{""type"":""Point"",""coordinates"":[-119.3603379022207,35.51827975158145]}"
CA_301518,75,"{""type"":""Point"",""coordinates"":[-119.30695816906393,35.501989314169975]}"
CA_301520,75,"{""type"":""Point"",""coordinates"":[-119.13484072851197,35.546095908790605]}"
CA_301523,75,"{""type"":""Point"",""coordinates"":[-119.30966922309148,35.721347315646085]}"
CA_301687,75,"{""type"":""Point"",""coordinates"":[-119.28758196796385,35.70704680965813]}"
CA_301710,75,"{""type"":""Point"",""coordinates"":[-119.24900526837182,35.48002567136992]}"
CA_301716,75,"{""type"":""Point"",""coordinates"":[-119.278692927589,35.719832826680516]}"
CA_301726,75,"{""type"":""Point"",""coordinates"":[-119.22995133808207,35.36609440956781]}"
CA_301734,75,"{""type"":""Point"",""coordinates"":[-119.13053240960276,35.546536604392735]}"
CA_301791,75,"{""type"":""Point"",""coordinates"":[-119.3699588982325,35.51374859001666]}"
CA_301813,75,"{""type"":""Point"",""coordinates"":[-119.27884243672982,35.78876424510284]}"
CA_302398,75,"{""type"":""Point"",""coordinates"":[-118.84704347610433,35.437821031637164]}"
CA_302476,75,"{""type"":""Point"",""coordinates"":[-119.22323612771173,35.358006916085166]}"
CA_302543,75,"{""type"":""Point"",""coordinates"":[-119.32350915023451,35.69783661233236]}"
CA_31755,61,"{""type"":""Point"",""coordinates"":[-119.25494490477287,35.49791314983195]}"
CA_32417,61,"{""type"":""Point"",""coordinates"":[-119.14004737249188,35.5557553499933]}"
CA_33154,61,"{""type"":""Point"",""coordinates"":[-119.2123357507158,35.457936442287895]}"
CA_38587,47,"{""type"":""Point"",""coordinates"":[-119.29327829065456,35.502236368742864]}"
CA_38691,47,"{""type"":""Point"",""coordinates"":[-119.31164510361018,35.49722961689064]}"
CA_38708,61,"{""type"":""Point"",""coordinates"":[-119.25809457541263,35.51067241047687]}"
CA_38723,47,"{""type"":""Point"",""coordinates"":[-119.23806994163276,35.52566266106088]}"
CA_307443,204,"{""type"":""Point"",""coordinates"":[-119.36144582380493,35.48369616981296]}"
CA_299682,61,"{""type"":""Point"",""coordinates"":[-119.29692502216616,35.4445199820808]}"
CA_37141,61,"{""type"":""Point"",""coordinates"":[-119.12609539858953,35.29736036372536]}"
CA_298316,204,"{""type"":""Point"",""coordinates"":[-119.06144726296607,35.177806966579645]}"
CA_306762,204,"{""type"":""Point"",""coordinates"":[-119.37894930014525,35.770254237698154]}"
CA_307113,204,"{""type"":""Point"",""coordinates"":[-119.3766310717446,35.781125986342616]}"
CA_307194,204,"{""type"":""Point"",""coordinates"":[-119.40353561840264,35.352940460118404]}"
CA_306273,204,"{""type"":""Point"",""coordinates"":[-119.11426484475656,35.788720479116556]}"
CA_306506,204,"{""type"":""Point"",""coordinates"":[-119.37665286298945,35.77751044752725]}"
CA_307273,204,"{""type"":""Point"",""coordinates"":[-119.12013386293762,35.57868089623574]}"
CA_307286,204,"{""type"":""Point"",""coordinates"":[-119.09118357401134,35.583908318871146]}"
CA_307414,204,"{""type"":""Point"",""coordinates"":[-119.09717150805504,35.583612609666766]}"
CA_301283,75,"{""type"":""Point"",""coordinates"":[-119.26589190576607,35.283652778815075]}"
CA_306199,204,"{""type"":""Point"",""coordinates"":[-119.15583797921451,35.538761491069714]}"
CA_306291,204,"{""type"":""Point"",""coordinates"":[-119.13969471258646,35.74852922852077]}"
CA_32692,61,"{""type"":""Point"",""coordinates"":[-119.21536312820378,35.378279193716395]}"
CA_306750,204,"{""type"":""Point"",""coordinates"":[-119.1301865494202,35.55534611994894]}"
CA_307774,204,"{""type"":""Point"",""coordinates"":[-119.02252895785645,35.78886148950803]}"
CA_306292,204,"{""type"":""Point"",""coordinates"":[-119.30070667412309,35.7519810715021]}"
CA_306432,204,"{""type"":""Point"",""coordinates"":[-119.29443082325103,35.51700595397722]}"
CA_306442,204,"{""type"":""Point"",""coordinates"":[-119.22033757405697,35.47610473653019]}"
CA_306733,204,"{""type"":""Point"",""coordinates"":[-119.10183479414195,35.5775795171742]}"
CA_306982,204,"{""type"":""Point"",""coordinates"":[-119.08932842536196,35.47405309791264]}"
CA_307370,204,"{""type"":""Point"",""coordinates"":[-119.29658217974936,35.75601365233341]}"
CA_307472,204,"{""type"":""Point"",""coordinates"":[-119.39879794661607,35.37156509181253]}"
CA_305920,204,"{""type"":""Point"",""coordinates"":[-119.08621892781882,35.7781401334199]}"
CA_40382,69,"{""type"":""Point"",""coordinates"":[-119.28183519855146,35.439962990417676]}"
CA_37635,47,"{""type"":""Point"",""coordinates"":[-119.16493539298136,35.32699021657361]}"
CA_302091,75,"{""type"":""Point"",""coordinates"":[-119.24064115019146,35.48885949002944]}"
CA_31195,75,"{""type"":""Point"",""coordinates"":[-119.20552115511768,35.40157315089777]}"
CA_32418,47,"{""type"":""Point"",""coordinates"":[-119.20987067267592,35.404060409551455]}"
CA_35321,61,"{""type"":""Point"",""coordinates"":[-119.22076982902779,35.11018387619696]}"
CA_304416,72,"{""type"":""Point"",""coordinates"":[-119.26213966076203,35.03086001911889]}"
CA_305094,72,"{""type"":""Point"",""coordinates"":[-119.05382788013598,35.03236075225211]}"
CA_304420,217,"{""type"":""Point"",""coordinates"":[-119.26644024023322,35.027187379303754]}"
CA_35346,61,"{""type"":""Point"",""coordinates"":[-119.2496038577523,35.078300448943736]}"
CA_36800,47,"{""type"":""Point"",""coordinates"":[-119.21694289728586,35.051591315411194]}"
CA_33854,37,"{""type"":""Point"",""coordinates"":[-119.38593826998321,35.60045492468471]}"
CA_33184,61,"{""type"":""Point"",""coordinates"":[-119.90792596184603,35.69093482322019]}"
CA_300603,75,"{""type"":""Point"",""coordinates"":[-119.32633579493735,35.55514630799002]}"
CA_32601,61,"{""type"":""Point"",""coordinates"":[-119.90780871429509,35.72010283138464]}"
CA_33056,61,"{""type"":""Point"",""coordinates"":[-119.77391351509966,35.753479919967425]}"
CA_33928,61,"{""type"":""Point"",""coordinates"":[-119.96788903122052,35.75268753979139]}"
CA_32436,61,"{""type"":""Point"",""coordinates"":[-119.59592380954435,35.520365246583324]}"
CA_33674,47,"{""type"":""Point"",""coordinates"":[-119.5306877317157,35.69756738927049]}"
CA_32521,61,"{""type"":""Point"",""coordinates"":[-120.07254512238532,35.76703404533046]}"
CA_33486,61,"{""type"":""Point"",""coordinates"":[-119.5607406217865,35.51302273978548]}"
CA_33557,61,"{""type"":""Point"",""coordinates"":[-119.48612917737493,35.713739527173495]}"
CA_306548,204,"{""type"":""Point"",""coordinates"":[-119.55093536840126,35.46969502409115]}"
CA_33493,61,"{""type"":""Point"",""coordinates"":[-119.62452291207383,35.59810972661565]}"
CA_33581,61,"{""type"":""Point"",""coordinates"":[-119.6289465405315,35.592350247194325]}"
CA_303927,72,"{""type"":""Point"",""coordinates"":[-119.07428354073316,35.60062735152069]}"
CA_298141,72,"{""type"":""Point"",""coordinates"":[-119.07579917063002,35.62362375372069]}"
CA_298142,72,"{""type"":""Point"",""coordinates"":[-119.07867066849602,35.62354693931868]}"
CA_298170,72,"{""type"":""Point"",""coordinates"":[-119.0625381304558,35.62968433564439]}"
CA_298175,72,"{""type"":""Point"",""coordinates"":[-119.07883338271917,35.62933717094406]}"
CA_298199,72,"{""type"":""Point"",""coordinates"":[-119.06086152491213,35.64022355529183]}"
CA_298201,72,"{""type"":""Point"",""coordinates"":[-119.05396413423297,35.64220858761452]}"
CA_33732,61,"{""type"":""Point"",""coordinates"":[-119.10006554837841,35.65771401216739]}"
CA_303949,72,"{""type"":""Point"",""coordinates"":[-119.07384891148298,35.7211714410421]}"
CA_33825,47,"{""type"":""Point"",""coordinates"":[-119.1000598503026,35.62120665812108]}"
CA_34217,61,"{""type"":""Point"",""coordinates"":[-119.0564295494919,35.65193132162257]}"
CA_38281,61,"{""type"":""Point"",""coordinates"":[-120.19197811217093,35.63787198057071]}"
CA_33889,61,"{""type"":""Point"",""coordinates"":[-119.10036816063521,35.69813197611534]}"
CA_305524,204,"{""type"":""Point"",""coordinates"":[-119.52012713674152,35.632003788920024]}"
CA_31029,241,"{""type"":""Point"",""coordinates"":[-119.52896412156046,35.65018848966188]}"
CA_31679,241,"{""type"":""Point"",""coordinates"":[-119.51545644264792,35.67197889154547]}"
CA_307395,204,"{""type"":""Point"",""coordinates"":[-119.50195399664427,35.686561094252696]}"
CA_31325,36,"{""type"":""Point"",""coordinates"":[-119.49534644504598,35.67195814764923]}"
CA_31335,36,"{""type"":""Point"",""coordinates"":[-119.511233596928,35.6703844961146]}"
CA_299634,75,"{""type"":""Point"",""coordinates"":[-119.44229879357545,35.436908788301864]}"
CA_31786,47,"{""type"":""Point"",""coordinates"":[-119.56136235886166,35.46858659692821]}"
CA_31844,36,"{""type"":""Point"",""coordinates"":[-119.50401425921036,35.70102713289838]}"
CA_31505,61,"{""type"":""Point"",""coordinates"":[-119.57794107581381,35.61938285832919]}"
CA_305552,204,"{""type"":""Point"",""coordinates"":[-119.47042894223236,35.36671698557676]}"
CA_305805,204,"{""type"":""Point"",""coordinates"":[-119.47862739269937,35.38630741196418]}"
CA_31288,47,"{""type"":""Point"",""coordinates"":[-119.41870434303092,35.343917222057875]}"
CA_31990,47,"{""type"":""Point"",""coordinates"":[-119.4187046594223,35.35662804525827]}"
CA_31996,75,"{""type"":""Point"",""coordinates"":[-119.53938574053743,35.45386815927347]}"
CA_33059,61,"{""type"":""Point"",""coordinates"":[-119.64495381741848,35.40161714796507]}"
CA_38806,61,"{""type"":""Point"",""coordinates"":[-119.33402479716023,35.616629657366346]}"
CA_31477,61,"{""type"":""Point"",""coordinates"":[-119.55696997831876,35.4897154626826]}"
CA_302735,69,"{""type"":""Point"",""coordinates"":[-119.49099550692152,35.42980867961034]}"
CA_31559,241,"{""type"":""Point"",""coordinates"":[-119.4347949761232,35.72850808602535]}"
CA_31297,241,"{""type"":""Point"",""coordinates"":[-119.43481383435956,35.469691030829445]}"
CA_31969,241,"{""type"":""Point"",""coordinates"":[-119.46812503545789,35.4896610460163]}"
CA_303957,72,"{""type"":""Point"",""coordinates"":[-119.0725350195679,35.67229746710083]}"
CA_303959,72,"{""type"":""Point"",""coordinates"":[-119.07127800376031,35.66846641038592]}"
CA_31718,47,"{""type"":""Point"",""coordinates"":[-119.48807114035449,35.52053395140153]}"
CA_31523,47,"{""type"":""Point"",""coordinates"":[-119.46685571593584,35.444696193984605]}"
CA_299085,75,"{""type"":""Point"",""coordinates"":[-119.42332557681928,35.524674694833855]}"
CA_31126,47,"{""type"":""Point"",""coordinates"":[-119.56766227911979,35.43420970892238]}"
CA_31934,61,"{""type"":""Point"",""coordinates"":[-119.1634947264852,35.715021576744746]}"
CA_32080,75,"{""type"":""Point"",""coordinates"":[-119.2177649005256,35.685621954636815]}"
CA_32109,36,"{""type"":""Point"",""coordinates"":[-119.45897801358024,35.537756814776955]}"
CA_32152,47,"{""type"":""Point"",""coordinates"":[-119.55202510000996,35.43406135775053]}"
CA_32302,47,"{""type"":""Point"",""coordinates"":[-119.47238029016549,35.44977827741478]}"
CA_299075,75,"{""type"":""Point"",""coordinates"":[-119.32664762630837,35.57424752470566]}"
CA_31028,241,"{""type"":""Point"",""coordinates"":[-119.53098882236982,35.65740976537015]}"
CA_31062,241,"{""type"":""Point"",""coordinates"":[-119.47245503877078,35.49679291683733]}"
CA_31986,61,"{""type"":""Point"",""coordinates"":[-119.47640190526545,35.36325757963237]}"
CA_32269,61,"{""type"":""Point"",""coordinates"":[-119.68522623947504,35.571032616121606]}"
CA_33118,47,"{""type"":""Point"",""coordinates"":[-119.55602902967746,35.599283707911766]}"
CA_299609,75,"{""type"":""Point"",""coordinates"":[-119.52936801758291,35.58392022892894]}"
CA_31557,47,"{""type"":""Point"",""coordinates"":[-119.5337745994139,35.578386125483654]}"
CA_34388,36,"{""type"":""Point"",""coordinates"":[-119.43838471984937,35.14912338071018]}"
CA_32828,61,"{""type"":""Point"",""coordinates"":[-119.50199603168802,35.65399541345237]}"
CA_34025,61,"{""type"":""Point"",""coordinates"":[-119.94227038987977,35.68144587230335]}"
CA_31597,47,"{""type"":""Point"",""coordinates"":[-119.13847654336566,35.61381118207206]}"
CA_31616,37,"{""type"":""Point"",""coordinates"":[-119.14141578176064,35.61545712172154]}"
CA_32637,47,"{""type"":""Point"",""coordinates"":[-119.12001391263034,35.630022624135265]}"
CA_27267,61,"{""type"":""Point"",""coordinates"":[-119.96949670456081,35.79243377655045]}"
CA_31296,47,"{""type"":""Point"",""coordinates"":[-119.45559744703466,35.451631879302674]}"
CA_303489,76,"{""type"":""Point"",""coordinates"":[-119.4155926835723,35.36758733422709]}"
CA_31690,61,"{""type"":""Point"",""coordinates"":[-120.03646783257167,35.65484082951725]}"
CA_31701,61,"{""type"":""Point"",""coordinates"":[-120.01460533904607,35.64403220064626]}"
CA_303878,204,"{""type"":""Point"",""coordinates"":[-119.42506685213108,35.34563410208564]}"
CA_32260,61,"{""type"":""Point"",""coordinates"":[-119.43222574940638,35.521396563540264]}"
CA_31086,61,"{""type"":""Point"",""coordinates"":[-119.24307996086371,35.67589693672531]}"
CA_32667,61,"{""type"":""Point"",""coordinates"":[-119.73444274820223,35.77214228854513]}"
CA_32900,61,"{""type"":""Point"",""coordinates"":[-119.71763924303518,35.69663890739479]}"
CA_33252,61,"{""type"":""Point"",""coordinates"":[-119.74539544066347,35.75328232880481]}"
CA_33453,47,"{""type"":""Point"",""coordinates"":[-119.8640752227875,35.638522471029674]}"
CA_34095,61,"{""type"":""Point"",""coordinates"":[-119.71661086161212,35.69280151381294]}"
CA_34117,61,"{""type"":""Point"",""coordinates"":[-119.63045686118272,35.550008826943035]}"
CA_34176,61,"{""type"":""Point"",""coordinates"":[-119.75370260852546,35.74956888252222]}"
CA_34225,61,"{""type"":""Point"",""coordinates"":[-119.3515127944175,35.607063686189]}"
CA_301819,75,"{""type"":""Point"",""coordinates"":[-119.23679174520109,35.59906574523493]}"
CA_300256,75,"{""type"":""Point"",""coordinates"":[-119.35119000002221,35.67275438815895]}"
CA_32028,61,"{""type"":""Point"",""coordinates"":[-120.05918633948544,35.676344230662366]}"
CA_32878,47,"{""type"":""Point"",""coordinates"":[-119.87214886158303,35.638465346944145]}"
CA_32043,61,"{""type"":""Point"",""coordinates"":[-119.89029449568018,35.64028967354891]}"
CA_32157,61,"{""type"":""Point"",""coordinates"":[-119.48963495300016,35.36487727385018]}"
CA_303045,72,"{""type"":""Point"",""coordinates"":[-119.16265609690365,35.673063247740934]}"
CA_306791,204,"{""type"":""Point"",""coordinates"":[-119.96103645695243,35.68170442007348]}"
CA_303874,66,"{""type"":""Point"",""coordinates"":[-119.3704918269296,35.592426433754454]}"
CA_303048,66,"{""type"":""Point"",""coordinates"":[-119.19430229156565,35.6047318013519]}"
CA_39434,69,"{""type"":""Point"",""coordinates"":[-119.42205447207664,35.53440518008937]}"
CA_39488,69,"{""type"":""Point"",""coordinates"":[-119.43094297565989,35.50593171268438]}"
CA_303063,66,"{""type"":""Point"",""coordinates"":[-119.3687827117817,35.588846852542076]}"
CA_303539,61,"{""type"":""Point"",""coordinates"":[-119.17655589452771,35.57543404135194]}"
CA_38878,69,"{""type"":""Point"",""coordinates"":[-119.21867088660623,35.65846070153159]}"
CA_39093,69,"{""type"":""Point"",""coordinates"":[-119.44821271169674,35.728361781085766]}"
CA_40259,69,"{""type"":""Point"",""coordinates"":[-119.45260925308968,35.735610849985946]}"
CA_40459,69,"{""type"":""Point"",""coordinates"":[-119.21864339980333,35.65551258224803]}"
CA_40249,69,"{""type"":""Point"",""coordinates"":[-119.60432572212855,35.474197105614046]}"
CA_297962,61,"{""type"":""Point"",""coordinates"":[-119.17711300216247,35.7089739236452]}"
CA_298244,204,"{""type"":""Point"",""coordinates"":[-119.17234641700017,35.578621570318006]}"
CA_298529,75,"{""type"":""Point"",""coordinates"":[-119.19709724858522,35.693978921252196]}"
CA_302140,75,"{""type"":""Point"",""coordinates"":[-119.22842379737222,35.59555303252818]}"
CA_302145,75,"{""type"":""Point"",""coordinates"":[-119.21856947746566,35.59376192868006]}"
CA_302170,75,"{""type"":""Point"",""coordinates"":[-119.21862238647165,35.59209076888012]}"
CA_302336,75,"{""type"":""Point"",""coordinates"":[-119.19387552401724,35.70531274094551]}"
CA_32388,61,"{""type"":""Point"",""coordinates"":[-119.14414115385824,35.73427879562121]}"
CA_32595,47,"{""type"":""Point"",""coordinates"":[-119.40534949515492,35.534334435525516]}"
CA_33008,75,"{""type"":""Point"",""coordinates"":[-119.22887415550443,35.65451802777882]}"
CA_34082,61,"{""type"":""Point"",""coordinates"":[-119.11974246143606,35.7395261114401]}"
CA_38870,69,"{""type"":""Point"",""coordinates"":[-119.12398669144,35.73446032374892]}"
CA_38957,69,"{""type"":""Point"",""coordinates"":[-119.20329622422429,35.607503686722325]}"
CA_38981,69,"{""type"":""Point"",""coordinates"":[-119.29126414941607,35.647940683220085]}"
CA_38984,69,"{""type"":""Point"",""coordinates"":[-119.22788826253739,35.69523063236928]}"
CA_39031,69,"{""type"":""Point"",""coordinates"":[-119.25092869770928,35.67976025143947]}"
CA_39032,69,"{""type"":""Point"",""coordinates"":[-119.24652028381233,35.676217972917144]}"
CA_39064,69,"{""type"":""Point"",""coordinates"":[-119.19792118349329,35.61477355718642]}"
CA_39066,69,"{""type"":""Point"",""coordinates"":[-119.16609588892767,35.73064278162401]}"
CA_39068,69,"{""type"":""Point"",""coordinates"":[-119.2083224268885,35.70879869512932]}"
CA_39152,69,"{""type"":""Point"",""coordinates"":[-119.21495337709158,35.706820478570584]}"
CA_39252,69,"{""type"":""Point"",""coordinates"":[-119.2171982671849,35.707078107878075]}"
CA_39316,69,"{""type"":""Point"",""coordinates"":[-119.25057292127534,35.66977209096849]}"
CA_39397,69,"{""type"":""Point"",""coordinates"":[-119.1641816136791,35.7088494436306]}"
CA_39558,69,"{""type"":""Point"",""coordinates"":[-119.44150878311481,35.52478229392353]}"
CA_39660,69,"{""type"":""Point"",""coordinates"":[-119.45036646973668,35.51767883262546]}"
CA_39677,69,"{""type"":""Point"",""coordinates"":[-119.14838825495708,35.722998768499835]}"
CA_39721,69,"{""type"":""Point"",""coordinates"":[-119.19968069077264,35.603879968992004]}"
CA_39758,69,"{""type"":""Point"",""coordinates"":[-119.15659554960847,35.60394330048799]}"
CA_39887,69,"{""type"":""Point"",""coordinates"":[-119.18258435197596,35.700742324209436]}"
CA_39951,69,"{""type"":""Point"",""coordinates"":[-119.21266941284023,35.698660040752166]}"
CA_39958,69,"{""type"":""Point"",""coordinates"":[-119.25638053816502,35.690643439622725]}"
CA_39982,69,"{""type"":""Point"",""coordinates"":[-119.16823027318468,35.71987458145079]}"
CA_40038,69,"{""type"":""Point"",""coordinates"":[-119.1579201519131,35.72240490557288]}"
CA_40296,69,"{""type"":""Point"",""coordinates"":[-119.20149087376326,35.611184417906955]}"
CA_34235,47,"{""type"":""Point"",""coordinates"":[-119.38953502275443,35.61772548979053]}"
CA_38996,69,"{""type"":""Point"",""coordinates"":[-119.22919863834198,35.708916428264146]}"
CA_39629,69,"{""type"":""Point"",""coordinates"":[-119.21011304945898,35.61087064581877]}"
CA_33265,122,"{""type"":""Point"",""coordinates"":[-119.39226351997618,35.61840753322474]}"
CA_39130,69,"{""type"":""Point"",""coordinates"":[-119.35292240163704,35.62245903800732]}"
CA_39652,69,"{""type"":""Point"",""coordinates"":[-119.12767788191816,35.61860923208677]}"
CA_303982,71,"{""type"":""Point"",""coordinates"":[-119.35554529553538,35.57110623414568]}"
CA_303141,72,"{""type"":""Point"",""coordinates"":[-119.72097781365581,35.53765482379997]}"
CA_303388,72,"{""type"":""Point"",""coordinates"":[-119.1141109784499,35.67296659196276]}"
CA_303482,72,"{""type"":""Point"",""coordinates"":[-119.07503077934324,35.73113321663037]}"
CA_303521,72,"{""type"":""Point"",""coordinates"":[-119.10227319663169,35.65223576225474]}"
CA_303597,72,"{""type"":""Point"",""coordinates"":[-119.16668823969734,35.639308612770556]}"
CA_303775,72,"{""type"":""Point"",""coordinates"":[-119.13068266662772,35.724403976056465]}"
CA_302969,72,"{""type"":""Point"",""coordinates"":[-119.13950947135498,35.72259268939311]}"
CA_32871,47,"{""type"":""Point"",""coordinates"":[-119.08181034940205,35.64434712351142]}"
CA_303798,72,"{""type"":""Point"",""coordinates"":[-119.09703143136292,35.64199361749779]}"
CA_34221,47,"{""type"":""Point"",""coordinates"":[-119.1432204502222,35.67029027289443]}"
CA_34224,47,"{""type"":""Point"",""coordinates"":[-119.14317808331418,35.66795819626451]}"
CA_307598,72,"{""type"":""Point"",""coordinates"":[-119.12628391707229,35.72149861941198]}"
CA_303229,72,"{""type"":""Point"",""coordinates"":[-119.15276169982485,35.71439732068871]}"
CA_303239,72,"{""type"":""Point"",""coordinates"":[-119.11825952805108,35.71279000623977]}"
CA_303265,72,"{""type"":""Point"",""coordinates"":[-119.14164358640123,35.72631955826789]}"
CA_303270,72,"{""type"":""Point"",""coordinates"":[-119.13475509606056,35.73528379869795]}"
CA_303293,72,"{""type"":""Point"",""coordinates"":[-119.13098463946028,35.61767690784406]}"
CA_303328,72,"{""type"":""Point"",""coordinates"":[-119.14183393085489,35.73527402200165]}"
CA_303523,72,"{""type"":""Point"",""coordinates"":[-119.08992750122879,35.63385410045401]}"
CA_303590,72,"{""type"":""Point"",""coordinates"":[-119.0650134433671,35.73454491826676]}"
CA_303605,72,"{""type"":""Point"",""coordinates"":[-119.05580787147184,35.7545671896396]}"
CA_303728,72,"{""type"":""Point"",""coordinates"":[-119.09665141006946,35.66949097415254]}"
CA_303862,72,"{""type"":""Point"",""coordinates"":[-119.08643838704535,35.63351853051262]}"
CA_303969,72,"{""type"":""Point"",""coordinates"":[-119.73297382439073,35.511769458851276]}"
CA_303972,47,"{""type"":""Point"",""coordinates"":[-119.15106316503758,35.727978785513486]}"
CA_303999,72,"{""type"":""Point"",""coordinates"":[-119.15403496986572,35.68278120559383]}"
CA_304037,72,"{""type"":""Point"",""coordinates"":[-119.10558183102283,35.637436515599745]}"
CA_302942,72,"{""type"":""Point"",""coordinates"":[-119.05942928115583,35.73061364523133]}"
CA_302945,72,"{""type"":""Point"",""coordinates"":[-119.07470794357845,35.72606573759781]}"
CA_302994,72,"{""type"":""Point"",""coordinates"":[-119.10208453893377,35.63319628809261]}"
CA_303099,72,"{""type"":""Point"",""coordinates"":[-119.1011302279072,35.67304492262572]}"
CA_303164,72,"{""type"":""Point"",""coordinates"":[-119.1887656370522,35.614773943661014]}"
CA_303182,72,"{""type"":""Point"",""coordinates"":[-119.06500531668752,35.72754890611675]}"
CA_33225,47,"{""type"":""Point"",""coordinates"":[-119.08422326128532,35.6449715211949]}"
CA_34187,47,"{""type"":""Point"",""coordinates"":[-119.15202031922506,35.68458212211255]}"
CA_34188,47,"{""type"":""Point"",""coordinates"":[-119.15207000055806,35.68316581689502]}"
CA_307690,72,"{""type"":""Point"",""coordinates"":[-119.06524894654153,35.724061916335465]}"
CA_302968,72,"{""type"":""Point"",""coordinates"":[-119.13501940189137,35.71172651755371]}"
CA_299848,75,"{""type"":""Point"",""coordinates"":[-119.37376406606839,35.59614203556707]}"
CA_298834,75,"{""type"":""Point"",""coordinates"":[-119.42564303034798,35.40383505430277]}"
CA_299081,75,"{""type"":""Point"",""coordinates"":[-119.38769739934162,35.5254180801418]}"
CA_300320,75,"{""type"":""Point"",""coordinates"":[-119.2869378149703,35.610783490884074]}"
CA_302206,75,"{""type"":""Point"",""coordinates"":[-119.30636462098197,35.561783642195]}"
CA_299268,61,"{""type"":""Point"",""coordinates"":[-119.57462189857888,35.59589580925795]}"
CA_306055,204,"{""type"":""Point"",""coordinates"":[-119.55054087054475,35.53017838233529]}"
CA_297927,61,"{""type"":""Point"",""coordinates"":[-119.64936146301895,35.46108436182186]}"
CA_298489,75,"{""type"":""Point"",""coordinates"":[-119.20209147492756,35.63293970983249]}"
CA_298528,204,"{""type"":""Point"",""coordinates"":[-119.72974066217849,35.577474737687155]}"
CA_298656,75,"{""type"":""Point"",""coordinates"":[-120.04117464003109,35.674169092817124]}"
CA_298674,75,"{""type"":""Point"",""coordinates"":[-119.52236261103816,35.58834236968043]}"
CA_298710,75,"{""type"":""Point"",""coordinates"":[-119.42532664539698,35.541568166244964]}"
CA_298731,75,"{""type"":""Point"",""coordinates"":[-119.44292719258749,35.57046918949562]}"
CA_298735,75,"{""type"":""Point"",""coordinates"":[-119.42460543952626,35.606904562371696]}"
CA_298752,75,"{""type"":""Point"",""coordinates"":[-119.5234824504972,35.522286332509886]}"
CA_298803,75,"{""type"":""Point"",""coordinates"":[-119.72323988133913,35.49285636937814]}"
CA_298948,75,"{""type"":""Point"",""coordinates"":[-119.51363773326442,35.595646155687675]}"
CA_298952,75,"{""type"":""Point"",""coordinates"":[-119.47791702039815,35.59928596276552]}"
CA_298992,75,"{""type"":""Point"",""coordinates"":[-119.42517706895451,35.5560556383272]}"
CA_299018,75,"{""type"":""Point"",""coordinates"":[-119.95212588950629,35.68447194472731]}"
CA_299052,75,"{""type"":""Point"",""coordinates"":[-119.75447290305881,35.68353662664329]}"
CA_299125,75,"{""type"":""Point"",""coordinates"":[-119.64896710342637,35.5707424934211]}"
CA_299151,75,"{""type"":""Point"",""coordinates"":[-119.74783121840328,35.68915495666976]}"
CA_299176,75,"{""type"":""Point"",""coordinates"":[-119.54023074370323,35.6175696382196]}"
CA_299256,75,"{""type"":""Point"",""coordinates"":[-119.64323767703621,35.44309358955602]}"
CA_299310,75,"{""type"":""Point"",""coordinates"":[-119.78302523501603,35.72142265067738]}"
CA_299328,75,"{""type"":""Point"",""coordinates"":[-119.78855896771826,35.569003218825024]}"
CA_299331,75,"{""type"":""Point"",""coordinates"":[-119.79188936179196,35.72683328111279]}"
CA_299335,75,"{""type"":""Point"",""coordinates"":[-119.97801652080545,35.63906280271707]}"
CA_299395,75,"{""type"":""Point"",""coordinates"":[-119.91633318244511,35.670069221699826]}"
CA_299440,75,"{""type"":""Point"",""coordinates"":[-119.76524446548844,35.694509251328824]}"
CA_299451,75,"{""type"":""Point"",""coordinates"":[-119.9612451779467,35.630119332892335]}"
CA_299488,75,"{""type"":""Point"",""coordinates"":[-119.48995963777277,35.487782632313944]}"
CA_299502,75,"{""type"":""Point"",""coordinates"":[-119.52026494770628,35.60666108417092]}"
CA_299514,75,"{""type"":""Point"",""coordinates"":[-119.4243287346677,35.64333559702903]}"
CA_299515,75,"{""type"":""Point"",""coordinates"":[-119.9924888576224,35.64907284784966]}"
CA_299528,75,"{""type"":""Point"",""coordinates"":[-119.96124190134886,35.63240264592514]}"
CA_299540,75,"{""type"":""Point"",""coordinates"":[-119.55817498203392,35.60316066995239]}"
CA_299663,75,"{""type"":""Point"",""coordinates"":[-119.52168326021425,35.6105120307947]}"
CA_299675,75,"{""type"":""Point"",""coordinates"":[-119.97015926546234,35.63011071838486]}"
CA_299683,75,"{""type"":""Point"",""coordinates"":[-119.54239195182461,35.628331815526984]}"
CA_299689,75,"{""type"":""Point"",""coordinates"":[-119.33865044647152,35.54166665320021]}"
CA_299691,75,"{""type"":""Point"",""coordinates"":[-119.46841946173531,35.57403680874708]}"
CA_299700,75,"{""type"":""Point"",""coordinates"":[-119.36319010423121,35.53806013838554]}"
CA_299723,75,"{""type"":""Point"",""coordinates"":[-119.39749856347835,35.655147601669455]}"
CA_299818,75,"{""type"":""Point"",""coordinates"":[-119.32449578116228,35.534331057392365]}"
CA_299867,75,"{""type"":""Point"",""coordinates"":[-119.28985587192196,35.67696465867268]}"
CA_299905,75,"{""type"":""Point"",""coordinates"":[-119.72287344605716,35.48921268321268]}"
CA_299959,75,"{""type"":""Point"",""coordinates"":[-119.28983707250143,35.684224269917934]}"
CA_299961,75,"{""type"":""Point"",""coordinates"":[-119.25581135125782,35.697851422766576]}"
CA_300029,75,"{""type"":""Point"",""coordinates"":[-119.21598000688302,35.61127138700968]}"
CA_300034,75,"{""type"":""Point"",""coordinates"":[-119.36304933594148,35.541675470521604]}"
CA_300075,75,"{""type"":""Point"",""coordinates"":[-119.28098649005507,35.67332211509427]}"
CA_300161,75,"{""type"":""Point"",""coordinates"":[-119.256298941641,35.56644978169639]}"
CA_300355,47,"{""type"":""Point"",""coordinates"":[-119.16699001971676,35.68008136873911]}"
CA_300388,75,"{""type"":""Point"",""coordinates"":[-119.28101361087522,35.662447727274284]}"
CA_300396,75,"{""type"":""Point"",""coordinates"":[-119.27213837684008,35.66070087827405]}"
CA_300402,75,"{""type"":""Point"",""coordinates"":[-119.28996636650787,35.66608179019912]}"
CA_300533,75,"{""type"":""Point"",""coordinates"":[-119.15609338937752,35.67098749347263]}"
CA_300567,75,"{""type"":""Point"",""coordinates"":[-119.30851006712881,35.57443343328886]}"
CA_300679,75,"{""type"":""Point"",""coordinates"":[-119.11941375297191,35.68733908341442]}"
CA_300685,75,"{""type"":""Point"",""coordinates"":[-119.14350218670667,35.69450324391884]}"
CA_300693,75,"{""type"":""Point"",""coordinates"":[-119.31522609620757,35.57402604920008]}"
CA_300738,75,"{""type"":""Point"",""coordinates"":[-119.36191939937623,35.65418698251056]}"
CA_300805,75,"{""type"":""Point"",""coordinates"":[-119.26637520044757,35.64439669188932]}"
CA_300869,75,"{""type"":""Point"",""coordinates"":[-119.28534337231069,35.58813147620716]}"
CA_300891,75,"{""type"":""Point"",""coordinates"":[-119.24749119474494,35.694175190125264]}"
CA_300988,75,"{""type"":""Point"",""coordinates"":[-119.28194206180737,35.548791035231446]}"
CA_300990,75,"{""type"":""Point"",""coordinates"":[-119.29877809778927,35.6769524840277]}"
CA_301031,75,"{""type"":""Point"",""coordinates"":[-119.2898293335127,35.68062724170305]}"
CA_301104,75,"{""type"":""Point"",""coordinates"":[-119.25044765108504,35.599059034990304]}"
CA_301162,75,"{""type"":""Point"",""coordinates"":[-119.30373689566315,35.59515860215338]}"
CA_301202,75,"{""type"":""Point"",""coordinates"":[-119.36392102690425,35.59199213365024]}"
CA_301250,75,"{""type"":""Point"",""coordinates"":[-119.29924624864593,35.63336297628954]}"
CA_301294,75,"{""type"":""Point"",""coordinates"":[-119.5262827463828,35.51780846428327]}"
CA_301305,75,"{""type"":""Point"",""coordinates"":[-119.5221566330252,35.51616150588234]}"
CA_301316,75,"{""type"":""Point"",""coordinates"":[-119.4065791815259,35.64958985423647]}"
CA_301320,75,"{""type"":""Point"",""coordinates"":[-119.41549507874437,35.64602275260575]}"
CA_301339,75,"{""type"":""Point"",""coordinates"":[-119.52260436359359,35.584723562625875]}"
CA_301355,75,"{""type"":""Point"",""coordinates"":[-119.4397905827142,35.64130104672708]}"
CA_301360,75,"{""type"":""Point"",""coordinates"":[-119.46052357099487,35.58128021217371]}"
CA_301375,75,"{""type"":""Point"",""coordinates"":[-119.4587881187367,35.552296189929976]}"
CA_301434,75,"{""type"":""Point"",""coordinates"":[-119.35218752216203,35.52715131520158]}"
CA_301507,75,"{""type"":""Point"",""coordinates"":[-119.2401622203017,35.65079594505112]}"
CA_301513,75,"{""type"":""Point"",""coordinates"":[-119.27212242672131,35.66429093731227]}"
CA_301565,75,"{""type"":""Point"",""coordinates"":[-119.36614299647614,35.56339617842785]}"
CA_301664,75,"{""type"":""Point"",""coordinates"":[-119.3077181149574,35.66423732855722]}"
CA_301916,75,"{""type"":""Point"",""coordinates"":[-119.3196989450043,35.660812193661215]}"
CA_301927,75,"{""type"":""Point"",""coordinates"":[-119.31538765876948,35.56170696778935]}"
CA_301940,75,"{""type"":""Point"",""coordinates"":[-119.67501237603017,35.57876547235986]}"
CA_301955,75,"{""type"":""Point"",""coordinates"":[-119.81867058905182,35.72488403805571]}"
CA_302006,75,"{""type"":""Point"",""coordinates"":[-119.35959323123843,35.559836496018356]}"
CA_302106,75,"{""type"":""Point"",""coordinates"":[-119.26938630122343,35.67623091331111]}"
CA_302155,75,"{""type"":""Point"",""coordinates"":[-119.27465299010319,35.57390731633234]}"
CA_302215,75,"{""type"":""Point"",""coordinates"":[-119.32343777145579,35.53788741811479]}"
CA_302356,47,"{""type"":""Point"",""coordinates"":[-119.74520292300026,35.560128044230666]}"
CA_302359,75,"{""type"":""Point"",""coordinates"":[-119.85617337680607,35.751829692399156]}"
CA_302362,75,"{""type"":""Point"",""coordinates"":[-119.84524173323025,35.73391296536505]}"
CA_302372,47,"{""type"":""Point"",""coordinates"":[-119.74494119174577,35.56199748019661]}"
CA_302388,75,"{""type"":""Point"",""coordinates"":[-119.49639927271524,35.56686201058424]}"
CA_302407,47,"{""type"":""Point"",""coordinates"":[-119.73877560587668,35.57112028136607]}"
CA_302421,47,"{""type"":""Point"",""coordinates"":[-119.72989503875789,35.562089512689255]}"
CA_302481,75,"{""type"":""Point"",""coordinates"":[-119.46081653544762,35.56316201247833]}"
CA_302512,75,"{""type"":""Point"",""coordinates"":[-119.35548934693445,35.64193674933178]}"
CA_302519,75,"{""type"":""Point"",""coordinates"":[-119.72094312035837,35.57122702624545]}"
CA_302641,75,"{""type"":""Point"",""coordinates"":[-119.23020754909976,35.62894781641204]}"
CA_302707,204,"{""type"":""Point"",""coordinates"":[-119.64970336727332,35.55590726095751]}"
CA_31039,61,"{""type"":""Point"",""coordinates"":[-119.66888651486383,35.61232210388075]}"
CA_31169,61,"{""type"":""Point"",""coordinates"":[-119.78841927351183,35.69968779252341]}"
CA_31528,61,"{""type"":""Point"",""coordinates"":[-119.77438555902737,35.692452284937666]}"
CA_32040,61,"{""type"":""Point"",""coordinates"":[-119.77409653712357,35.690666175334954]}"
CA_32226,61,"{""type"":""Point"",""coordinates"":[-119.66667447640772,35.612385918873514]}"
CA_33012,61,"{""type"":""Point"",""coordinates"":[-119.12730723031672,35.687536506306564]}"
CA_33097,61,"{""type"":""Point"",""coordinates"":[-119.89890358564045,35.69185005021305]}"
CA_33234,204,"{""type"":""Point"",""coordinates"":[-119.49931732392872,35.48424297682447]}"
CA_33489,61,"{""type"":""Point"",""coordinates"":[-119.6942696208403,35.619095984040634]}"
CA_33629,61,"{""type"":""Point"",""coordinates"":[-119.33196379219272,35.63432869830353]}"
CA_34226,69,"{""type"":""Point"",""coordinates"":[-119.34113281650274,35.61145018597646]}"
CA_38459,61,"{""type"":""Point"",""coordinates"":[-119.71166835849728,35.547634811516374]}"
CA_38476,61,"{""type"":""Point"",""coordinates"":[-119.72101949622746,35.54400080362361]}"
CA_38485,61,"{""type"":""Point"",""coordinates"":[-119.71153722348137,35.54584202818079]}"
CA_38524,61,"{""type"":""Point"",""coordinates"":[-119.3332737317296,35.67240780852396]}"
CA_38532,61,"{""type"":""Point"",""coordinates"":[-119.73773319704996,35.51995287131743]}"
CA_38596,47,"{""type"":""Point"",""coordinates"":[-119.25211485917364,35.664939327358894]}"
CA_38630,47,"{""type"":""Point"",""coordinates"":[-119.65994695982154,35.52016152057661]}"
CA_38634,47,"{""type"":""Point"",""coordinates"":[-119.66663317335046,35.52984436994027]}"
CA_38648,47,"{""type"":""Point"",""coordinates"":[-119.76312520630778,35.592992165494245]}"
CA_38650,47,"{""type"":""Point"",""coordinates"":[-119.66757126592152,35.52796441676728]}"
CA_38670,47,"{""type"":""Point"",""coordinates"":[-119.7203112554403,35.50550846004764]}"
CA_38671,47,"{""type"":""Point"",""coordinates"":[-119.66741327900539,35.53349540880657]}"
CA_38709,204,"{""type"":""Point"",""coordinates"":[-119.21488441316401,35.647558358338046]}"
CA_38734,204,"{""type"":""Point"",""coordinates"":[-119.22780182726838,35.64267829410594]}"
CA_307628,75,"{""type"":""Point"",""coordinates"":[-119.47594687534692,35.58132734591919]}"
CA_307638,75,"{""type"":""Point"",""coordinates"":[-119.46054578541238,35.57770941170468]}"
CA_307640,75,"{""type"":""Point"",""coordinates"":[-119.30741703122999,35.675200037398675]}"
CA_303311,76,"{""type"":""Point"",""coordinates"":[-119.36501824871253,35.57440282001294]}"
CA_303371,76,"{""type"":""Point"",""coordinates"":[-119.36172804088257,35.56709726998334]}"
CA_32968,61,"{""type"":""Point"",""coordinates"":[-119.24539386689844,35.701510018870366]}"
CA_305745,204,"{""type"":""Point"",""coordinates"":[-119.6000396305941,35.628325384545704]}"
CA_306486,204,"{""type"":""Point"",""coordinates"":[-119.45756379198329,35.65753578929932]}"
CA_307037,204,"{""type"":""Point"",""coordinates"":[-119.4853272817335,35.57019251552125]}"
CA_32818,61,"{""type"":""Point"",""coordinates"":[-119.56709207549974,35.50575211843371]}"
CA_306700,204,"{""type"":""Point"",""coordinates"":[-119.57506736799567,35.76461562141851]}"
CA_307513,204,"{""type"":""Point"",""coordinates"":[-119.54798229423628,35.775629289322325]}"
CA_305902,204,"{""type"":""Point"",""coordinates"":[-119.50496612512612,35.45888203988588]}"
CA_306960,204,"{""type"":""Point"",""coordinates"":[-119.48641681014503,35.65023725749255]}"
CA_307307,204,"{""type"":""Point"",""coordinates"":[-119.44075912921116,35.381453192353966]}"
CA_307404,204,"{""type"":""Point"",""coordinates"":[-119.44621601928613,35.50342148678212]}"
CA_307459,204,"{""type"":""Point"",""coordinates"":[-119.4783263058692,35.38069242838938]}"
CA_303970,204,"{""type"":""Point"",""coordinates"":[-119.6018802800433,35.629898513320605]}"
CA_305675,204,"{""type"":""Point"",""coordinates"":[-120.03068628844606,35.78707330772688]}"
CA_305947,204,"{""type"":""Point"",""coordinates"":[-119.63990538192115,35.62870728939222]}"
CA_306363,204,"{""type"":""Point"",""coordinates"":[-119.47762087719396,35.65032215960412]}"
CA_306389,204,"{""type"":""Point"",""coordinates"":[-119.44606319778886,35.715632708836544]}"
CA_306419,204,"{""type"":""Point"",""coordinates"":[-119.566165693742,35.76457765813277]}"
CA_307213,204,"{""type"":""Point"",""coordinates"":[-119.08275125885082,35.75290690826357]}"
CA_306211,204,"{""type"":""Point"",""coordinates"":[-119.19501632227289,35.58205822748076]}"
CA_306935,204,"{""type"":""Point"",""coordinates"":[-119.17373468351619,35.59660641211102]}"
CA_307202,204,"{""type"":""Point"",""coordinates"":[-119.37575306791877,35.61786917878004]}"
CA_305976,204,"{""type"":""Point"",""coordinates"":[-120.09028248802228,35.673510004772176]}"
CA_305457,204,"{""type"":""Point"",""coordinates"":[-119.8340575598299,35.78230176758955]}"
CA_305466,204,"{""type"":""Point"",""coordinates"":[-119.86306863151452,35.74007166720111]}"
CA_305483,204,"{""type"":""Point"",""coordinates"":[-119.98581597241763,35.649053458536706]}"
CA_305545,204,"{""type"":""Point"",""coordinates"":[-119.18447364957599,35.64310214066682]}"
CA_305580,204,"{""type"":""Point"",""coordinates"":[-119.89900356226057,35.61668170423922]}"
CA_305739,204,"{""type"":""Point"",""coordinates"":[-119.61834318376657,35.42325066067042]}"
CA_305752,204,"{""type"":""Point"",""coordinates"":[-119.73200913502815,35.65716437061656]}"
CA_305799,204,"{""type"":""Point"",""coordinates"":[-119.94327919981062,35.71093829165705]}"
CA_305991,204,"{""type"":""Point"",""coordinates"":[-119.9343589107495,35.7054166343203]}"
CA_305997,204,"{""type"":""Point"",""coordinates"":[-119.54341673705326,35.41050436226338]}"
CA_306027,204,"{""type"":""Point"",""coordinates"":[-119.8382837323748,35.711097142355925]}"
CA_306120,204,"{""type"":""Point"",""coordinates"":[-120.11262024553179,35.68229542596092]}"
CA_306154,204,"{""type"":""Point"",""coordinates"":[-119.65675359133265,35.53457571287773]}"
CA_306156,204,"{""type"":""Point"",""coordinates"":[-119.91914342861796,35.64089765548374]}"
CA_306186,204,"{""type"":""Point"",""coordinates"":[-119.6405639154675,35.49741088184135]}"
CA_306203,204,"{""type"":""Point"",""coordinates"":[-119.62883857150221,35.49387064425971]}"
CA_306345,204,"{""type"":""Point"",""coordinates"":[-119.16444888299526,35.581615677900764]}"
CA_306352,204,"{""type"":""Point"",""coordinates"":[-119.54240118774467,35.42270370086339]}"
CA_306387,204,"{""type"":""Point"",""coordinates"":[-119.70459968338596,35.52663693997433]}"
CA_306458,204,"{""type"":""Point"",""coordinates"":[-119.11378240682944,35.72361523582192]}"
CA_306553,204,"{""type"":""Point"",""coordinates"":[-119.48135203491084,35.430406301455236]}"
CA_306555,204,"{""type"":""Point"",""coordinates"":[-119.45572221129629,35.408612190995434]}"
CA_306603,204,"{""type"":""Point"",""coordinates"":[-119.30188069368724,35.69237590958844]}"
CA_306620,204,"{""type"":""Point"",""coordinates"":[-119.1487351416975,35.59843212374908]}"
CA_306653,204,"{""type"":""Point"",""coordinates"":[-119.33815047610422,35.61890712987848]}"
CA_306673,204,"{""type"":""Point"",""coordinates"":[-119.85424084600011,35.696504195747146]}"
CA_306675,204,"{""type"":""Point"",""coordinates"":[-119.86314798982607,35.69647724419601]}"
CA_306718,204,"{""type"":""Point"",""coordinates"":[-119.85417796246544,35.72558293692109]}"
CA_306793,204,"{""type"":""Point"",""coordinates"":[-119.47031707627647,35.43798185088723]}"
CA_306904,204,"{""type"":""Point"",""coordinates"":[-119.46440938318743,35.632228167127685]}"
CA_306930,204,"{""type"":""Point"",""coordinates"":[-119.19171356913145,35.72151190136506]}"
CA_306995,204,"{""type"":""Point"",""coordinates"":[-119.85201902153108,35.71470945694175]}"
CA_307054,204,"{""type"":""Point"",""coordinates"":[-119.11373558031205,35.70185394669592]}"
CA_307087,204,"{""type"":""Point"",""coordinates"":[-119.48498020796735,35.37985392469869]}"
CA_307151,204,"{""type"":""Point"",""coordinates"":[-119.14672750727534,35.61945571981183]}"
CA_307220,204,"{""type"":""Point"",""coordinates"":[-119.62107632670451,35.488551980781466]}"
CA_307363,204,"{""type"":""Point"",""coordinates"":[-119.17130161259315,35.643814144929685]}"
CA_307376,204,"{""type"":""Point"",""coordinates"":[-119.52538767194967,35.42066156376562]}"
CA_307416,204,"{""type"":""Point"",""coordinates"":[-119.19124117627098,35.65402715054788]}"
CA_307727,204,"{""type"":""Point"",""coordinates"":[-119.4410857021398,35.40138824327103]}"
CA_307730,204,"{""type"":""Point"",""coordinates"":[-119.58717187081142,35.6099201036663]}"
CA_307743,204,"{""type"":""Point"",""coordinates"":[-119.34187304739928,35.648690765792225]}"
CA_306302,204,"{""type"":""Point"",""coordinates"":[-119.11076854944118,35.734592979142235]}"
CA_299026,75,"{""type"":""Point"",""coordinates"":[-119.54023964091485,35.604825268010785]}"
CA_299348,75,"{""type"":""Point"",""coordinates"":[-119.46323693118374,35.42162069125887]}"
CA_307679,75,"{""type"":""Point"",""coordinates"":[-119.44975677892239,35.432877995200336]}"
CA_300251,75,"{""type"":""Point"",""coordinates"":[-119.81862071646968,35.66739270694722]}"
CA_302711,217,"{""type"":""Point"",""coordinates"":[-119.73327871287468,35.68279979690953]}"
CA_302853,217,"{""type"":""Point"",""coordinates"":[-119.82887271372354,35.7785277386938]}"
CA_303175,217,"{""type"":""Point"",""coordinates"":[-119.10061930994513,35.711796513583785]}"
CA_305597,204,"{""type"":""Point"",""coordinates"":[-119.73877797781834,35.7046476135186]}"
CA_305753,204,"{""type"":""Point"",""coordinates"":[-119.80962998757384,35.758501598538516]}"
CA_302821,61,"{""type"":""Point"",""coordinates"":[-119.63181632205732,35.569836751160416]}"
CA_302848,217,"{""type"":""Point"",""coordinates"":[-119.79918282454032,35.764261364778086]}"
CA_34128,47,"{""type"":""Point"",""coordinates"":[-119.45442721196288,35.44792764885929]}"
CA_32491,47,"{""type"":""Point"",""coordinates"":[-119.1269698890141,35.65069885472849]}"
CA_33301,47,"{""type"":""Point"",""coordinates"":[-119.1183541274106,35.64629574552469]}"
CA_39812,69,"{""type"":""Point"",""coordinates"":[-119.20180858903933,35.668928435295065]}"
